Project ID,Project Name,Street Number,Street Name,Street Type,Zip Code,City Analysis Neighborhood,Supervisor District,Project Sponsor,Total Units,Total Beds,Affordable Units,Affordable Beds,Single Room Occupancy Units,Studio Units,1bd Units,2bd Units,3bd Units,4bd Units,5+ bd Units,Family Units,Senior Units,TAY Units,Homeless Units,LOSP Units,Disabled Units,20% AMI,30% AMI,40% AMI,50% AMI,60% AMI,80% AMI,120% AMI,More than 120% AMI,Year Building Constructed,Year Affordability Began,Latitude,Longitude,Location,SF Find Neighborhoods,Current Police Districts,Current Supervisor Districts,Analysis Neighborhoods,:@computed_region_fyvs_ahh9,:@computed_region_bh8s_q3mv,:@computed_region_yftq_j783,:@computed_region_p5aj_wyqh,:@computed_region_rxqg_mtj9
1989-002,Brennan House,0,Confidential,,00000,Confidential,5,St. Vincent De Paul Society,15,0,15,0,15,0,0,0,0,0,0,15,0,0,0,0,0,0,0,0,3,12,0,0,0,1900,2000,,,,,,,,,,,,
1990-001,San Cristina,1000,Market,St,94102,Tenderloin,6,Community Housing Partnership,58,0,58,0,58,0,0,0,0,0,0,58,0,0,58,0,0,0,0,0,58,0,0,0,0,1913,1994,37.78,-122.4109879,POINT (-122.41098790000001 37.78),32,5,10,34,34,28853,14,2,9
1995-013,CATS Eddy Street Apartments (CATS),425,Eddy,St,94102,Tenderloin,6,"Community Awareness & Treatment Services, Inc.",25,0,25,0,0,25,0,0,0,0,0,25,0,0,15,0,0,0,0,0,25,0,0,0,0,1922,1997,37.78,-122.4146957,POINT (-122.4146957 37.78),21,5,10,36,36,28852,7,10,9
1992-012,Eddy Street Apartments,1096,Eddy,St,94109,Western Addition,5,Progress Foundation,21,0,20,0,0,0,20,0,0,0,0,20,0,0,0,0,20,0,0,0,20,0,0,0,0,1997,1996,37.78,-122.4258118,POINT (-122.4258118 37.78),97,4,11,39,41,28852,7,9,11
2016-075,3329-3333 20th Street,3329-3333,20th,St,94110,Mission,9,Mission Economic Development Agency,10,0,10,0,0,4,6,0,0,0,0,10,0,0,0,0,0,0,0,0,0,0,10,0,0,1900,2016,37.76,-122.41539,POINT (-122.41539 37.76),53,3,2,20,19,28859,2,4,7
2015-040,642-646 Guerrero Street,642-646,Guerrero,St,94110,Mission,8,Mission Economic Development Agency,4,0,4,0,0,0,3,1,0,0,0,4,0,0,0,0,0,0,0,0,0,0,4,0,0,1924,2016,37.76,-122.4240341,POINT (-122.42403410000001 37.76),37,3,5,20,19,28859,2,4,5
2006-025,Richardson Apartments (Parcel G),365,Fulton,St,94102,Hayes Valley,5,Community Housing Partnership,120,0,120,0,0,120,0,0,0,0,0,120,0,0,120,64,0,0,0,0,120,0,0,0,0,2011,2011,37.78,-122.4229584,POINT (-122.4229584 37.78),21,4,11,39,41,28852,7,9,11
2004-028,Mission Hotel,520,South Van Ness,Ave,94110,Mission,9,Tenderloin Housing Clinic,244,0,244,0,244,0,0,0,0,0,0,244,0,0,241,0,0,0,159,0,85,0,0,0,0,1907,2008,37.76,-122.4178848,POINT (-122.41788480000001 37.76),53,3,2,20,19,28859,2,4,7
2018-039,Railton Place,230-242,Turk,St,94102,Tenderloin,6,The Salvation Army,40,0,40,0,0,0,0,0,0,0,0,40,0,0,0,40,0,0,0,0,40,0,0,0,0,2008,2018,37.78,-122.4131256,POINT (-122.4131256 37.78),21,5,10,34,34,28853,8,2,9
1991-005,Moultrie House,374,Moultrie,St,94110,Bernal Heights,9,Bernal Heights Neighborhood Center,9,0,9,0,8,0,1,0,0,0,0,9,0,0,0,0,0,0,0,0,0,9,0,0,0,1907,1993,37.74,-122.4160538,POINT (-122.41605379999999 37.74),83,9,2,2,2,28859,2,7,7
2017-004,63-67 Lapidge Street,63-67,Lapidge,St,94110,Mission,8,Mission Economic Development Agency,6,0,6,0,0,0,6,0,0,0,0,6,0,0,0,0,0,0,0,0,0,0,6,0,0,1910,2017,37.76,-122.4221089,POINT (-122.42210889999998 37.76),37,3,5,20,19,28859,2,4,5
1998-010,Ambassador Hotel,55,Mason,St,94102,Tenderloin,6,Tenderloin Neighborhood Development Corporation,134,0,134,0,134,0,0,0,0,0,0,134,0,0,0,0,0,0,0,0,23,111,0,0,0,1910,2003,37.78,-122.4096069,POINT (-122.4096069 37.78),32,1,10,34,34,28853,14,2,9
1993-013,A WOMANS PLACE,0,confidential,St,Yes,Confidential,6,"Community Awareness & Treatment Services, Inc.",11,54,0,54,11,0,0,0,0,0,0,0,0,0,0,0,0,0,54,0,0,0,0,0,0,2010,2010,,,,,,,,,,,,
2001-019,990 Polk,990,Polk,St,94109,Tenderloin,6,Tenderloin Neighborhood Development Corporation,110,0,109,0,0,81,28,0,0,0,0,109,0,0,50,30,0,0,0,0,109,0,0,0,0,2008,2008,37.79,-122.4193802,POINT (-122.4193802 37.79),105,4,3,21,21,28858,13,9,10
2010-022,Madonna Residence,350,Golden Gate,Ave,94102,Tenderloin,6,Mercy Housing California,70,0,69,0,0,69,0,0,0,0,0,0,69,0,18,0,0,0,0,0,69,0,0,0,0,2000,2013,37.78,-122.4163818,POINT (-122.4163818 37.78),21,5,10,36,36,28852,7,10,9
2013-036,Rosa Parks Apartments (RAD),1251,Turk,St,94115,Western Addition,5,Tenderloin Neighborhood Development Corporation,203,0,202,0,0,19,100,83,0,0,0,0,202,0,0,0,202,0,0,0,202,0,0,0,0,1961,2016,37.78,-122.4294853,POINT (-122.42948530000001 37.78),97,4,11,39,41,29490,7,9,11
1973-001,Nihonmachi Terrace,1615,Sutter,St,94109,Japantown,5,Japanese American Religious Federation,245,0,243,0,0,51,142,28,18,4,0,243,0,0,0,0,0,0,0,0,180,63,0,0,0,2010,2010,37.79,-122.426796,POINT (-122.426796 37.79),102,4,6,30,27,28858,13,9,1
1994-005,Hamilton Family Transitional Program,1631,Hayes,St,94117,Lone Mountain/USF,5,Hamilton Family Center,20,0,19,0,0,6,11,0,2,0,0,19,0,0,0,0,0,0,0,0,4,15,0,0,0,2000,2000,37.77,-122.4432297,POINT (-122.4432297 37.77),112,7,11,3,9,29492,15,5,11
2006-023,Columbus United Cooperative,53,Columbus,Ave,94111,Chinatown,3,San Francisco Community Land Trust,21,0,21,0,0,0,8,11,1,1,0,21,0,0,0,0,0,0,0,0,21,0,0,0,0,1910,2009,37.8,-122.4043732,POINT (-122.40437320000001 37.8),18,6,3,23,23,308,3,1,10
2008-037,Marathon Hotel,710,Ellis,St,94103,Tenderloin,6,"Marathon Hotel & Appartments, LLC",44,0,10,0,10,0,0,0,0,0,0,0,0,0,0,0,0,0,0,0,10,0,0,0,0,1921,2009,37.78,-122.41803,POINT (-122.41803000000002 37.78),21,4,10,36,36,28852,7,9,9
2000-012,Namiki Apartments,1776,Sutter,St,94115,Pacific Heights,5,Chinatown Community Development Center / Namiki Apartments Residents Association,34,0,33,0,0,0,33,0,0,0,0,33,0,0,0,0,0,0,0,0,10,23,0,0,0,2003,2003,37.79,-122.4294891,POINT (-122.42948910000001 37.79),102,4,6,30,27,29490,13,9,1
1980-005,Mariposa Gardens,2445,Mariposa,St,94110,Mission,10,Mission Housing Development Corporation,63,0,62,0,0,0,5,31,24,2,0,62,0,0,0,0,0,0,0,0,19,43,0,0,0,2005,2005,37.76,-122.4077835,POINT (-122.4077835 37.76),53,3,9,20,19,28859,10,4,8
1988-008,Embarcadero Triangle (Parcel J),600,The Embarcadero,Yes,94111,Financial District/South Beach,6,Delancey Street Foundation,177,0,177,0,0,96,37,44,0,0,0,177,0,0,0,0,0,0,0,0,150,0,0,27,0,1989,1990,37.78,-122.3888931,POINT (-122.38889310000002 37.78),31,1,10,4,20,28856,6,2,9
1995-017,Minna Park Family Housing,529-539,Minna,St,94103,South of Market,6,Asian Neighborhood Design,26,0,25,0,0,0,11,6,7,1,0,25,0,0,0,0,0,0,0,0,0,25,0,0,0,1996,1996,37.78,-122.4088287,POINT (-122.4088287 37.78),32,1,10,34,34,28853,14,2,9
2016-032,Garden Court Apartments,1637,15th,St,94103,Mission,9,Mission Housing Development Corporation,16,0,16,0,0,10,6,0,0,0,0,16,0,0,0,0,0,0,0,0,0,16,0,0,0,1925,1983,37.77,-122.4204483,POINT (-122.4204483 37.77),32,3,2,20,19,28853,8,4,7
1996-011,Crocker Amazon Senior Apartments,5199,Mission,St,94112,Excelsior,11,Bernal Heights Neighborhood Center,37,0,36,0,0,24,12,0,0,0,0,0,36,0,0,0,0,0,0,0,36,0,0,0,0,2005,2005,37.72,-122.4414444,POINT (-122.4414444 37.72),80,9,1,28,25,28861,9,7,6
1998-015,The Paramount,680,Mission,St,94105,Financial District/South Beach,6,"Third & Mission Associates, LLC",486,0,99,0,0,24,60,15,0,0,0,99,0,0,0,0,0,0,0,0,99,0,0,0,0,2001,2001,37.79,-122.4019775,POINT (-122.40197750000002 37.79),108,6,3,8,6,28854,4,1,10
1999-013,Marlton Manor,240-288,Jones,St,94102,Tenderloin,6,Mercy Housing California,151,0,150,0,0,140,10,0,0,0,0,150,0,0,0,0,0,0,0,0,150,0,0,0,0,2004,2004,37.78,-122.412262,POINT (-122.41226200000001 37.78),32,5,10,34,34,28853,8,2,9
1985-003,Junipero Serra House,926,Fillmore,St,94117,Western Addition,5,Mercy Housing California,25,0,24,0,0,7,17,0,0,0,0,24,0,0,0,0,0,0,0,0,0,0,24,0,0,1989,1989,37.78,-122.4313583,POINT (-122.43135830000001 37.78),97,4,11,39,41,29490,15,9,11
1982-006,Dunleavy Plaza,36,Hoff,St,94110,Mission,9,Mission Housing Development Corporation,49,0,25,0,0,0,9,16,0,0,0,25,0,0,0,0,0,0,0,0,0,0,0,25,0,1985,1985,37.76,-122.4207077,POINT (-122.4207077 37.76),53,3,2,20,19,28859,2,4,7
2012-017,Western Park Apartments,1280,Laguna,St,94115,Western Addition,5,Northern California Presbyterian Homes & Services,182,0,182,0,0,39,135,8,0,0,0,0,182,0,0,0,0,0,0,0,55,127,0,0,0,1971,2013,37.78,-122.4267883,POINT (-122.42678830000001 37.78),97,4,11,39,41,28852,7,9,11
2013-029,1068 Palou Ave - Hunters Pt EW - RAD SE Cluster (90 Kiska),1068,Palou,Ave,94124,Bayview Hunters Point,10,"John Stewart Company / Hunters Point East West, LP",213,0,211,0,0,0,17,121,34,29,10,211,0,0,0,0,0,0,0,0,211,0,0,0,0,1900,2015,37.73,-122.3810501,POINT (-122.3810501 37.73),78,2,9,1,1,58,10,3,8
2013-054,Canon Kip Community House,705,Natoma,St,94103,South of Market,6,Episcopal Community Services,104,0,103,0,22,81,0,0,0,0,0,103,0,0,103,0,0,0,0,0,21,82,0,0,0,1994,1994,37.78,-122.4123077,POINT (-122.41230769999999 37.78),32,5,10,34,34,28853,8,2,9
1984-008,Fillmore Center,1475,Fillmore,St,94115,Western Addition,5,Elkor Realty Corporation,1114,0,558,0,0,156,215,171,16,0,0,558,0,0,0,0,0,0,0,0,0,0,223,335,0,2000,2000,37.78,-122.4333191,POINT (-122.4333191 37.78),97,4,11,39,41,29490,15,9,11
1982-007,Sierra Madre,421,Leavenworth,St,94109,Tenderloin,6,Tenderloin Neighborhood Development Corporation,47,0,46,0,0,42,4,0,0,0,0,26,20,0,0,0,0,0,0,0,46,0,0,0,0,1912,1984,37.78,-122.4147568,POINT (-122.4147568 37.78),21,5,10,36,36,28852,7,10,9
2007-018,Winsor Hotel,20,6th,St,94103,South of Market,6,Winsor Hotel,51,0,4,0,4,0,0,0,0,0,0,4,0,0,0,0,0,0,0,0,4,0,0,0,0,2008,2008,37.78,-122.4101028,POINT (-122.4101028 37.78),32,5,10,34,34,28853,14,2,9
1988-004,Cambridge Hotel,473,Ellis,St,94102,Tenderloin,6,Community Housing Partnership,60,0,60,0,60,0,0,0,0,0,0,60,0,0,5,0,0,0,0,0,60,0,0,0,0,1926,1991,37.78,-122.4139252,POINT (-122.4139252 37.78),21,5,10,36,36,28852,7,10,9
1980-009,Bryant Street Apartments,2800,Bryant,St,94110,Mission,9,Mission Housing Development Corporation,7,0,7,0,0,0,0,6,0,1,0,7,0,0,0,0,0,0,0,0,0,0,7,0,0,1907,1983,37.75,-122.408989,POINT (-122.40898900000002 37.75),53,3,2,20,19,28859,2,4,7
1999-012,Rich Sorro Commons,150,Berry,St,94107,Mission Bay,6,Mission Housing Development Corporation,100,0,100,0,0,0,16,39,34,11,0,100,0,0,0,0,0,0,0,0,100,0,0,0,0,2002,2002,37.78,-122.3930206,POINT (-122.39302059999999 37.78),31,1,10,8,6,28856,6,2,9
1993-008,Plaza Ramona Apartments,250,McAllister,St,94102,Tenderloin,6,Tenderloin Neighborhood Development Corporation,63,0,62,0,0,61,1,0,0,0,0,62,0,0,0,0,0,0,0,0,13,49,0,0,0,1924,1996,37.78,-122.416275,POINT (-122.416275 37.78),21,5,10,36,36,28852,7,10,9
1994-010,Iroquois Hotel,835,O'Farrell,St,94109,Tenderloin,6,Community Housing Partnership,74,0,74,0,28,35,11,0,0,0,0,74,0,0,74,0,0,0,0,0,74,0,0,0,0,1913,1995,37.78,-122.418396,POINT (-122.41839600000002 37.78),21,4,10,36,36,28852,7,9,9
2016-042,Dalt Hotel,34,Turk,St,94102,Tenderloin,6,Tenderloin Neighborhood Development Corporation,178,0,178,0,178,0,0,0,0,0,0,178,0,0,1,0,0,0,0,0,178,0,0,0,0,1919,2004,37.78,-122.4098892,POINT (-122.40988920000001 37.78),32,1,10,34,34,28853,14,2,9
2018-010,Gran Oriente Filipino Hotel,106,South Park,St,94107,Financial District,6,Mission Housing Development Corporation,24,0,24,0,24,0,0,0,0,0,0,0,0,0,24,0,0,0,0,0,0,0,24,0,0,1911,1986,37.78171497,-122.3944031,POINT (-122.3944031 37.78171497),31,1,10,8,6,28856,6,2,9
1999-024,421 Turk,421,Turk,St,94102,Tenderloin,6,"Asian, Inc.",29,0,28,0,0,0,9,4,15,0,0,28,0,0,0,0,0,0,0,0,28,0,0,0,0,2004,2004,37.78,-122.4161072,POINT (-122.41610719999998 37.78),21,5,10,36,36,28852,7,10,9
1997-009,26th Street Cooperative Apartments,3327-3331,26th,St,94110,Mission,9,Conard House,10,16,0,16,0,0,0,0,0,0,0,0,0,0,0,0,0,0,16,0,0,0,0,0,0,2002,2002,37.75,-122.4165878,POINT (-122.41658779999999 37.75),53,3,2,20,19,28859,2,4,7
1999-017,Kokoro Assisted Living Facility,1881-1899,Bush,St,94109,Pacific Heights,5,Kokoro Assisted Living Inc.,54,0,37,0,0,34,3,0,0,0,0,0,37,0,0,0,0,0,0,0,7,7,16,7,0,2003,2003,37.79,-122.4281311,POINT (-122.4281311 37.79),102,4,6,30,27,28858,13,9,1
1982-002,All Hallows Community,1711,Oakdale,Ave,94124,Bayview Hunters Point,10,Mercy Housing California,45,0,44,0,0,16,28,0,0,0,0,0,44,0,0,0,0,0,0,0,0,0,44,0,0,1983,1983,37.74,-122.3927078,POINT (-122.3927078 37.74),86,2,9,1,1,58,10,3,8
1987-003,Arlington Hotel,472,Ellis,St,94102,Tenderloin,6,Mercy Housing California,154,0,153,0,0,153,0,0,0,0,0,153,0,0,105,38,0,0,0,0,153,0,0,0,0,1906,1988,37.78,-122.4141312,POINT (-122.41413120000001 37.78),21,5,10,36,36,28852,7,10,9
1991-010,1101 Howard,1101,Howard,St,94103,South of Market,6,Mercy Housing California,34,0,34,0,0,0,6,14,14,0,0,34,0,0,0,0,0,0,0,0,0,0,34,0,0,1995,1995,37.78,-122.4093933,POINT (-122.4093933 37.78),32,1,10,34,34,28853,14,2,9
2012-002,Alice Griffith Phase 2 (Block 4),2700,Arelious Walker,Dr,94124,Bayview Hunters Point,10,"McCormack Baron Salazar / Double Rock Ventures, LLC",91,0,90,0,0,0,23,46,9,12,0,90,0,0,0,0,0,0,0,0,90,0,0,0,0,2017,2016,37.72,-122.385991,POINT (-122.38599099999999 37.72),88,2,9,1,1,58,10,3,8
2014-026,151 Duboce,149-151,Duboce,Ave,94103,Mission,8,San Francisco Community Land Trust,4,0,4,0,0,0,4,0,0,0,0,4,0,0,0,0,0,0,0,0,0,0,4,0,0,1925,2014,37.77,-122.4234619,POINT (-122.42346190000002 37.77),27,1,5,20,19,28853,8,2,5
1996-010,The Arc Apartments,416,Bay,St,94133,North Beach,3,The Arc,8,0,8,0,0,0,0,5,1,2,0,8,0,0,0,0,0,0,0,0,8,0,0,0,0,2001,2001,37.81,-122.4139709,POINT (-122.4139709 37.81),99,6,3,23,23,308,,1,10
2003-030,Valencia Gardens,340-370,Valencia,St,94103,Mission,8,Mission Housing Development Corporation,260,0,259,0,0,0,60,97,88,14,0,217,42,0,0,0,0,0,0,0,51,0,208,0,0,2005,2005,37.77,-122.4232025,POINT (-122.4232025 37.77),27,1,5,20,19,28853,8,2,5
2012-018,Transbay Block 7 Natalie Gubb Commons,222,Beale,St,94105,SOUTH OF MARKET,6,Mercy Housing California,120,0,119,0,0,0,53,43,23,0,0,119,0,0,0,0,0,0,0,36,83,0,0,0,0,2018,2018,37.78889258,-122.3938217,POINT (-122.3938217 37.78889258),32,1,10,8,6,28855,6,2,9
2013-044,Mission Dolores - Mission/Castro RAD Cluster 6,1855,15th,St,94103,Mission,8,Bridge Housing & MEDA Housing,91,0,90,0,0,68,22,0,0,0,0,0,90,0,0,0,90,0,0,0,90,0,0,0,0,1965,2016,37.77,-122.4255733,POINT (-122.42557329999998 37.77),27,1,5,20,19,28853,8,2,5
1990-010,575 Eddy,575,Eddy,St,94102,Tenderloin,6,"Asian, Inc.",47,0,42,0,0,32,10,0,0,0,0,42,0,0,0,0,0,0,0,0,0,0,42,0,0,1925,1992,37.78,-122.4169693,POINT (-122.4169693 37.78),21,4,10,36,36,28852,7,9,9
2008-003,Vera Haile Senior Housing,129,Golden Gate,Ave,94102,Tenderloin,6,Mercy Housing California / St. Anthony's,90,0,89,0,0,43,46,0,0,0,0,0,89,0,18,3,0,0,0,0,89,0,0,0,0,2014,2014,37.78,-122.4125443,POINT (-122.4125443 37.78),32,5,10,34,34,28853,8,2,9
1983-001,Chinese Community Church of San Francisco,1535,Jackson,St,94109,Russian Hill,3,Chinese Community Church of San Francisco,18,0,10,0,10,0,0,0,0,0,0,0,10,0,0,0,0,0,0,0,0,0,10,0,0,1913,1986,37.79,-122.4203644,POINT (-122.4203644 37.79),105,4,3,21,21,28858,13,9,10
2001-018,Leland Polk Senior Community,1315,Polk,St,94109,Nob Hill,3,Mercy Housing California,72,0,71,0,0,28,43,0,0,0,0,0,71,0,0,0,0,0,0,0,71,0,0,0,0,2005,2005,37.79,-122.4206238,POINT (-122.4206238 37.79),105,4,3,21,21,28858,13,9,10
1997-016,Church Street Apartments,1,Church,St,94114,Hayes Valley,8,Bridge Housing,93,0,92,0,0,0,30,34,28,0,0,92,0,0,0,0,0,0,0,0,63,29,0,0,0,2001,2002,37.77,-122.4287415,POINT (-122.42874149999999 37.77),28,7,5,9,10,28862,7,9,5
1998-020,SOMA Studios,1188,Howard,St,94103,South of Market,6,Tenderloin Neighborhood Development Corporation,88,0,88,0,0,88,0,0,0,0,0,88,0,0,0,0,0,0,9,0,31,44,4,0,0,2000,2003,37.78,-122.4114761,POINT (-122.4114761 37.78),32,5,10,34,34,28853,14,2,9
2013-061,534-536 Natoma St,534-536,Natoma,St,94103,South of Market,6,San Francisco Community Land Trust,5,0,4,0,0,0,4,0,0,0,0,4,0,0,0,0,0,0,0,0,0,0,4,0,0,1911,2014,37.78,-122.4086456,POINT (-122.40864559999999 37.78),32,1,10,34,34,28853,14,2,9
2001-013,TIHDI: CHP Villages,410,Avenue of the Palms,,94130,Treasure Island,6,Community Housing Partnership,44,0,43,0,0,0,0,24,17,2,0,43,0,0,44,0,0,0,0,0,43,0,0,0,0,1968,2002,37.83,-122.3738251,POINT (-122.3738251 37.83),36,1,10,37,37,62,,2,9
2007-002,Natoma Family Apartments,474,Natoma,St,94103,South of Market,6,Bridge Housing,60,0,59,0,0,7,28,18,6,0,0,59,0,0,0,0,0,0,0,0,35,24,0,0,0,2014,2014,37.78,-122.4074326,POINT (-122.4074326 37.78),32,1,10,34,34,28853,14,2,9
1993-004,1370 California Apartments,1370,California,St,94109,Nob Hill,3,Chinatown Community Development Center,49,0,48,0,0,25,22,0,1,0,0,48,0,0,0,0,0,0,0,0,10,38,0,0,0,1911,1994,37.79,-122.4170609,POINT (-122.4170609 37.79),50,6,3,21,21,28858,13,1,10
2004-032,Ceatrice Polite Apartments,321,Clementina,St,94103,South of Market,6,TODCO Group,91,0,90,0,0,44,46,0,0,0,0,90,0,0,0,0,0,0,0,0,9,81,0,0,0,2007,2007,37.78,-122.402092,POINT (-122.402092 37.78),32,1,10,34,34,28856,6,2,9
1994-006,Goodman 2 Art Complex,1695,18th,St,94107,Potrero Hill,10,Artspace Development Corporation,29,0,5,0,0,0,5,0,0,0,0,5,0,0,0,0,0,0,0,0,5,0,0,0,0,1994,1985,37.76,-122.39888,POINT (-122.39888000000002 37.76),54,2,9,26,29,28856,10,3,8
2016-120,269 &271 Richland Avenue,269 & 271,Richland,Ave,94110,Bernal Heights,9,Mission Economic Development Agency,6,0,6,0,0,3,3,0,0,0,0,6,0,0,0,0,0,0,0,0,0,0,6,0,0,1908,2017,37.74,-122.421133,POINT (-122.421133 37.74),61,9,2,2,2,28859,2,7,7
1990-016,Steamboat Point (Parcel K),49-55,Townsend,St,94107,Mission Bay,6,Bridge Housing,108,0,108,0,0,0,51,26,31,0,0,108,0,0,0,0,0,0,0,0,0,0,108,0,0,1992,1992,37.78,-122.3889694,POINT (-122.38896940000001 37.78),31,1,10,4,20,28856,6,2,9
2017-005,2217 Mission Street,2217,Mission,St,94110,Mission,9,Mission Economic Development Agency,8,0,8,0,0,0,7,1,0,0,0,8,0,0,0,0,0,0,0,0,0,0,8,0,0,1904,2017,37.76,-122.4189684,POINT (-122.4189684 37.76),53,3,2,20,19,28859,2,4,7
1996-005,Heritage Homes,243,Rey,St,94134,Visitacion Valley,10,Mercy Housing California,148,0,146,0,0,0,29,33,63,21,0,146,0,0,0,0,0,20,32,0,88,6,0,0,0,2000,2001,37.71,-122.4124451,POINT (-122.41244509999999 37.71),75,9,9,40,39,309,9,7,8
2011-006,Tenderloin Family Housing,201,Turk,St,94102,Tenderloin,6,Chinatown Community Development Center,175,0,174,0,0,12,80,45,37,0,0,174,0,0,0,0,0,0,0,0,71,103,0,0,0,1992,1992,37.78,-122.412941,POINT (-122.41294099999999 37.78),32,5,10,34,34,28853,8,2,9
1989-006,Leandro Soto Apartments,2155,Mission,St,94110,Mission,9,OBECA / Arriba Juntos,48,0,48,0,0,16,8,8,16,0,0,48,0,0,0,0,0,0,0,0,0,48,0,0,0,1991,1991,37.76,-122.4188614,POINT (-122.41886140000001 37.76),53,3,2,20,19,28859,2,4,7
2002-017,Jordan Apartments,820,O'Farrell,St,94109,Tenderloin,6,Conard House,54,0,54,0,0,54,0,0,0,0,0,54,0,0,0,0,0,0,0,0,54,0,0,0,0,2006,2006,37.79,-122.4184341,POINT (-122.41843410000001 37.79),16,6,3,21,21,28858,13,1,10
2013-020,939 And 951 Eddy Street - RAD Cluster 3,939,Eddy,St,94109,Western Addition,5,Tenderloin Neighborhood Development Corporation,62,0,61,0,0,36,1,21,3,0,0,0,61,0,0,0,61,0,0,0,61,0,0,0,0,1925,2015,37.78,-122.423111,POINT (-122.423111 37.78),21,4,11,39,41,28852,7,9,11
1994-017,International Hotel,848,Kearny,St,94111,Chinatown,3,Chinatown Community Development Center,105,0,104,0,0,88,16,0,0,0,0,0,104,0,0,0,0,0,0,0,104,0,0,0,0,2005,2005,37.8,-122.4044266,POINT (-122.40442660000001 37.8),18,6,3,23,23,308,3,1,10
1991-006,518 Minna,518,Minna,St,94103,South of Market,6,"Asian, Inc.",24,0,23,0,0,0,0,11,12,0,0,23,0,0,0,0,0,0,0,0,0,0,23,0,0,1994,1994,37.78,-122.4085999,POINT (-122.40859990000001 37.78),32,1,10,34,34,28853,14,2,9
1995-008,Mary Elizabeth Inn,1040,Bush,St,94109,Nob Hill,3,Mary Elizabeth Inn,92,0,88,0,88,0,0,0,0,0,0,88,0,0,53,0,0,0,30,0,58,0,0,0,0,2005,2005,37.79,-122.4144897,POINT (-122.41448970000002 37.79),50,6,3,21,21,28858,5,1,10
1993-014,1761-1765 Page,1761,Page,St,94117,Haight Ashbury,5,Baker Places,13,0,13,0,13,0,0,0,0,0,0,13,0,0,0,0,0,0,0,0,13,0,0,0,0,1994,1994,37.77,-122.4496613,POINT (-122.44966129999999 37.77),25,7,11,3,9,29492,15,5,11
2006-001,1036 Mission Family Housing,1036,Mission,St,94103,Mission,9,Tenderloin Neighborhood Development Corporation,83,0,83,0,0,0,38,38,7,0,0,83,0,0,40,40,0,20,20,0,43,0,0,0,0,2018,2018,37.78053902,-122.4098438,POINT (-122.40984380000002 37.78053902),32,5,10,34,34,28853,14,2,9
2018-038,800-810 Clement/289-291 9th,800-810,Clement,St,94118,Richmond,1,Chinatown Community Development Center,16,0,16,0,14,0,0,2,0,0,0,2,14,0,0,0,0,0,0,0,14,0,2,0,0,1907,2018,37.78,-122.4678695,POINT (-122.4678695 37.78),5,8,4,11,11,54,11,6,2
2008-033,Veterans Commons,150,Otis,St,94103,Mission,6,Swords To Plowshares / Chinatown Community Development Center,76,0,75,0,0,75,0,0,0,0,0,75,0,0,75,0,0,0,0,0,75,0,0,0,0,1913,2012,37.77,-122.4206314,POINT (-122.4206314 37.77),32,3,2,20,19,28853,8,4,7
2013-040,Westbrook Apartments,40,Harbor,Rd,94124,Bayview Hunters Point,10,Related Company / SFHDC,223,0,221,0,0,0,4,57,116,44,0,221,0,0,0,0,0,0,0,0,221,0,0,0,0,1900,2016,37.73,-122.3754003,POINT (-122.3754003 37.73),78,2,9,1,1,58,10,3,8
1990-006,3019 23rd,3019,23rd,St,94110,Mission,9,Mission Housing Development Corporation,6,0,5,0,0,2,0,2,1,0,0,5,0,0,0,0,0,0,0,0,0,0,0,5,0,1906,1991,37.75,-122.4125137,POINT (-122.41251370000002 37.75),53,3,2,20,19,28859,2,4,7
2000-016,Derek Silva Community,20,Franklin,St,94102,Hayes Valley,5,Mercy Housing California,68,0,68,0,0,36,27,5,0,0,0,68,0,0,0,0,0,0,0,0,68,0,0,0,0,2005,2005,37.77,-122.4205322,POINT (-122.42053220000001 37.77),32,3,2,20,19,28853,8,4,7
2013-035,2698 California Street,2698,California,St,94115,Pacific Heights,2,Mercy Housing California,40,0,39,0,0,30,8,1,0,0,0,0,39,0,0,0,39,0,0,0,39,0,0,0,0,1971,2016,37.79,-122.4385661,POINT (-122.43856609999999 37.79),102,4,6,30,27,29490,13,6,1
2013-019,430 Turk Street - RAD Cluster 4,430,Turk,St,94102,Tenderloin,6,Tenderloin Neighborhood Development Corporation,89,0,89,0,0,69,19,1,0,0,0,0,89,0,0,0,89,0,0,0,89,0,0,0,0,2007,2016,37.78,-122.4165726,POINT (-122.41657259999998 37.78),21,5,10,36,36,28852,7,10,9
2004-027,Bishop Swing Community House,275,10th,St,94103,South of Market,6,Episcopal Community Services,135,0,134,0,134,0,0,0,0,0,0,130,0,4,134,75,0,0,0,0,134,0,0,0,0,2009,2009,37.77,-122.4127884,POINT (-122.4127884 37.77),32,1,10,20,19,28853,8,2,9
1980-001,Consorcia Apartments,1204,Mason,St,94133,Chinatown,3,Chinatown Community Development Center,24,0,23,0,0,18,5,0,0,0,0,23,0,0,0,0,0,0,0,0,0,0,23,0,0,1909,1982,37.79,-122.4112015,POINT (-122.4112015 37.79),50,6,3,21,21,28857,5,1,10
2006-024,Kelly Cullen Community,220,Golden Gate,Ave,94102,Tenderloin,6,Tenderloin Neighborhood Development Corporation,174,0,172,0,172,0,0,0,0,0,0,172,0,0,172,80,0,0,0,0,0,172,0,0,0,1909,2013,37.78,-122.4142761,POINT (-122.41427610000001 37.78),21,5,10,36,36,28852,7,10,9
1989-005,Casa Aviva,1724,Bryant,St,94110,Mission,9,Mission Housing Development Corporation / Latino Commision,4,0,4,0,4,0,0,0,0,0,0,4,0,0,0,0,0,0,0,0,0,0,4,0,0,1907,1990,37.77,-122.4107437,POINT (-122.41074369999998 37.77),32,1,10,34,34,28853,8,2,9
1993-015,Precita House,416,Precita,Ave,94110,Bernal Heights,9,Bernal Heights Neighborhood Center,5,0,5,0,5,0,0,0,0,0,0,5,0,0,0,0,0,0,0,0,5,0,0,0,0,2002,2002,37.75,-122.4111252,POINT (-122.41112520000001 37.75),53,3,2,20,19,28859,2,4,7
2009-001,1100 Ocean,1100,Ocean,Ave,94112,West of Twin Peaks,7,Mercy Housing California,71,0,70,0,0,18,18,21,13,0,0,45,0,25,25,19,0,0,0,0,70,0,0,0,0,2015,2015,37.73,-122.454155,POINT (-122.45415500000001 37.73),71,9,8,41,40,28861,9,7,4
1990-017,Padre Palou Community,3400-3402,16th,St,94114,Castro/Upper Market,8,Mercy Housing California,18,0,18,0,0,0,0,10,6,2,0,18,0,0,0,0,0,0,0,0,0,0,18,0,0,1992,1992,37.76,-122.4290009,POINT (-122.42900090000002 37.76),52,3,5,5,3,28862,2,4,5
2000-011,Broadway Family Apartments,150,Broadway,Yes,94111,Financial District/South Beach,3,Chinatown Community Development Center,81,0,66,0,0,19,0,20,27,0,0,66,0,0,0,0,0,0,0,0,66,0,0,0,0,2008,2008,37.8,-122.4005814,POINT (-122.4005814 37.8),77,6,3,8,6,28860,3,1,10
2002-016,West Hotel,141,Eddy,St,94102,Tenderloin,6,Tenderloin Neighborhood Development Corporation,105,0,104,0,104,0,0,0,0,0,0,64,40,0,40,0,0,0,0,0,104,0,0,0,0,1907,2004,37.78,-122.409935,POINT (-122.40993500000002 37.78),32,1,10,34,34,28853,14,2,9
1992-013,Good Samaritan Apartments,1290-1294,Potrero,Ave,94110,Mission,9,Mission Housing Development Corporation,20,0,19,0,0,0,2,4,7,6,0,19,0,0,0,0,0,0,0,0,0,0,19,0,0,1997,1997,37.75,-122.4065704,POINT (-122.4065704 37.75),53,3,2,20,19,28859,10,4,7
2015-051,568-570 Natoma Street,568-570,Natoma,St,94103,South of Market,6,San Francisco Community Land Trust,5,0,5,0,0,0,5,0,0,0,0,5,0,0,0,0,0,0,0,0,0,0,5,0,0,1906,2016,37.78,-122.4093857,POINT (-122.40938570000002 37.78),32,1,10,34,34,28853,14,2,9
2013-030,100 Appleton - RAD C5 (Holly Courts),100,Appleton,Ave,94110,Bernal Heights,9,Bridge Housing,118,0,117,0,0,0,48,59,10,0,0,117,0,0,0,0,0,0,0,0,117,0,0,0,0,1940,2015,37.74,-122.422226,POINT (-122.422226 37.74),61,9,2,2,2,28859,2,7,7
2008-002,1180 Fourth Street,1180,4th,St,94158,Mission Bay,6,Mercy Housing California,150,0,149,0,0,0,42,54,53,0,0,149,0,0,50,50,0,25,0,0,124,0,0,0,0,2014,2015,37.77,-122.3920288,POINT (-122.3920288 37.77),34,1,10,4,20,310,14,3,9
2017-001,3800 Mission Street - Small Sites Project,"3800, 3802, 3804",Mission,St,94110,Bernal Heights,8,Mission Economic Development Agency,5,0,5,0,0,1,4,0,0,0,0,5,0,0,0,0,0,0,0,0,0,0,5,0,0,1910,2017,37.74,-122.4248428,POINT (-122.4248428 37.74),59,9,5,10,7,63,2,7,5
1982-010,Bayside Village,3,Bayside Village,Pl,94107,Financial District/South Beach,6,Bayside Village Associates,862,0,172,0,0,56,58,58,0,0,0,172,0,0,0,0,0,0,0,0,0,0,172,0,0,1988,1988,37.78,-122.3899307,POINT (-122.38993070000001 37.78),31,1,10,4,20,28856,6,2,9
1984-009,Rincon Center,88,Howard,St,94105,Financial District/South Beach,6,"Carmel Partners, Inc (BRE/Rincon, LLC)",320,0,76,0,0,19,44,13,0,0,0,76,0,0,0,0,0,0,0,0,0,0,30,46,0,1989,1989,37.79,-122.3928452,POINT (-122.3928452 37.79),108,1,10,8,6,28855,6,2,9
1997-012,SOMA Residences,1045,Mission,St,94103,South of Market,6,"Emerald Fund, Inc.",278,0,55,0,0,18,37,0,0,0,0,55,0,0,0,0,0,0,0,0,55,0,0,0,0,2001,2001,37.78,-122.4096451,POINT (-122.4096451 37.78),32,1,10,34,34,28853,14,2,9
2013-025,345 Arguello - California Corridor,345,Arguello,Ave,94103,Inner Richmond,1,Mercy Housing California,69,0,68,0,0,59,9,0,0,0,0,0,68,0,0,0,68,0,0,0,68,0,0,0,0,1973,2015,37.78,-122.459465,POINT (-122.45946499999998 37.78),5,8,4,11,11,54,11,6,2
1990-002,Connecticut St Court,1206-1228,Connecticut,St,94107,Bayview Hunters Point,10,Asian Neighborhood Design,10,0,10,0,0,0,0,0,10,0,0,10,0,0,0,0,0,0,0,0,10,0,0,0,0,1992,1992,37.75,-122.3985062,POINT (-122.39850620000001 37.75),54,2,9,1,1,28856,10,3,8
1999-020,Providence Senior Housing,4601,3rd,St,94124,Bayview Hunters Point,10,Providence Senior Housing Corporation,50,0,50,0,0,0,50,0,0,0,0,0,50,0,0,0,0,0,0,0,50,0,0,0,0,2008,2008,37.74,-122.3899841,POINT (-122.3899841 37.74),86,2,9,1,1,58,10,3,8
2010-004,588 MBN (Mission Bay South Block 7 West),588,Mission Bay,Blvd North,94158,Mission Bay,6,Related Companies / Chinatown Community Development Center,200,0,198,0,0,0,70,128,0,0,0,198,0,0,0,0,0,0,0,0,40,158,0,0,0,2017,2017,37.77,-122.3906116,POINT (-122.3906116 37.77),34,1,10,4,20,310,14,3,9
1982-003,Woolf House III,240,4th,St,94103,South of Market,6,TODCO Group,30,0,29,0,0,12,17,0,0,0,0,0,29,0,0,0,0,0,0,0,29,0,0,0,0,1997,1997,37.78,-122.4021912,POINT (-122.4021912 37.78),32,1,10,34,34,28856,6,2,9
1995-012,Apollo Hotel,420,Valencia,St,94103,Mission,8,Mission Housing Development Corporation,81,0,80,0,80,0,0,0,0,0,0,80,0,0,0,0,0,0,0,0,8,0,72,0,0,1998,1998,37.77,-122.4223862,POINT (-122.4223862 37.77),32,1,5,20,19,28853,8,2,5
1997-017,Avalon At Mission Bay (Tower 2),200-298,Berry,St,94158,Mission Bay,6,AvalonBay Communities Inc.,313,0,19,0,0,2,9,8,0,0,0,19,0,0,0,0,0,0,0,0,0,0,10,9,0,2006,2006,37.77,-122.3956451,POINT (-122.3956451 37.77),34,1,10,4,20,310,14,3,9
1984-004,Maria Alicia Apartments,3090,16th,St,94103,Mission,9,Mission Housing Development Corporation,20,0,11,0,0,0,1,1,6,3,0,11,0,0,0,0,0,0,0,0,11,0,0,0,0,1989,1989,37.77,-122.4215927,POINT (-122.42159270000002 37.77),32,3,2,20,19,28853,8,4,7
1991-009,Alcantara Court,670,Valencia,St,94110,Mission,8,Mission Housing Development Corporation,50,0,50,0,0,24,26,0,0,0,0,0,50,0,0,0,0,0,0,0,50,0,0,0,0,1998,1994,37.76,-122.4221878,POINT (-122.4221878 37.76),37,3,5,20,19,28859,2,4,5
2003-031,Edith Witt Senior Community,66,9th,St,94103,South of Market,6,Mercy Housing California,107,0,106,0,0,20,86,0,0,0,0,0,106,0,27,11,0,0,0,0,106,0,0,0,0,2008,2008,37.78,-122.4158173,POINT (-122.41581730000001 37.78),21,5,10,36,36,28852,7,10,9
2007-001,Broadway Sansome Family Housing,235 -295,Broadway,St,94111,Financial District/South Beach,3,Chinatown Community Development Center,75,0,74,0,0,10,35,24,5,0,0,74,0,0,37,37,0,0,0,0,74,0,0,0,0,2008,2015,37.8,-122.4016266,POINT (-122.4016266 37.8),77,6,3,8,6,28860,3,1,10
1999-025,Chinese American Citizens Alliance Grand Lodge,1044,Stockton,St,94108,Chinatown,3,Chinese American Citizens Alliance,16,0,16,0,0,10,6,0,0,0,0,16,0,0,0,0,0,0,0,0,16,0,0,0,0,1920,2000,37.8,-122.4078674,POINT (-122.4078674 37.8),106,6,3,23,23,308,3,1,10
1989-010,Midori Hotel,240,Hyde,St,94102,Tenderloin,6,Conard House,77,0,77,0,77,0,0,0,0,0,0,77,0,0,0,0,0,0,0,0,0,0,77,0,0,1929,2001,37.78,-122.4155273,POINT (-122.41552729999998 37.78),21,5,10,36,36,28852,7,10,9
1992-008,Larkin Pine Senior Housing,1303,Larkin,St,94109,Nob Hill,3,Chinatown Community Development Center,63,0,62,0,59,0,3,0,0,0,0,0,62,0,0,0,0,0,0,0,0,62,0,0,0,1994,1994,37.79,-122.4192505,POINT (-122.41925049999999 37.79),105,4,3,21,21,28858,13,9,10
2015-014,380 San Jose Avenue,380,San Jose,Ave,94110,Mission,8,Mission Economic Development Agency,4,0,4,0,0,0,4,0,0,0,0,4,0,0,0,0,0,0,0,0,0,0,4,0,0,1900,2016,37.75,-122.4216385,POINT (-122.4216385 37.75),53,3,5,20,19,28859,2,4,5
2014-012,Hunters View Phase IIB (Block 10),112,Middle Point,Rd,94124,Bayview Hunters Point,10,Hunters View Associates L.P,72,0,71,0,0,0,38,0,31,0,2,71,0,0,0,0,0,0,0,0,71,0,0,0,0,2017,2017,37.74,-122.3807594,POINT (-122.38075940000002 37.74),76,2,9,1,1,58,10,3,8
2012-003,Alice Griffith Phase 3A-3B  (Block 1),2500,Arelious Walker,Dr,94124,,10,"Double Rock Ventures, LLC",122,0,121,0,0,0,13,70,35,3,0,121,0,0,0,0,0,0,0,0,121,0,0,0,0,2018,2018,37.72,-122.384831,POINT (-122.38483100000002 37.72),88,2,9,1,1,58,10,3,8
2002-020,The Coronet,3595,Geary,Blvd,94118,Lone Mountain/USF,1,Bridge Housing,150,0,148,0,0,28,111,9,0,0,0,0,148,0,25,25,0,0,0,0,148,0,0,0,0,2009,2008,37.78,-122.4579163,POINT (-122.4579163 37.78),12,8,4,18,16,54,11,6,2
2013-045,Ping Yuen North,838,Pacific,Ave,94133,Chinatown,3,Chinatown Community Development Center,200,0,199,0,0,46,32,99,22,0,0,199,0,0,0,0,0,0,0,0,199,0,0,0,0,1962,2016,37.8,-122.4094054,POINT (-122.4094054 37.8),106,6,3,23,23,308,3,1,10
1997-008,Canon Barcus Community House,670,Natoma,St,94103,South of Market,6,Episcopal Community Services,48,0,48,0,0,0,4,12,27,5,0,48,0,0,47,0,0,0,0,0,5,43,0,0,0,2001,2002,37.78,-122.4118881,POINT (-122.4118881 37.78),32,5,10,34,34,28853,14,2,9
1980-004,Lassen Apartments,441,Ellis,St,94102,Tenderloin,6,"Asian, Inc. / Bayside Communities",81,0,80,0,0,33,47,0,0,0,0,0,80,0,0,0,0,0,0,0,17,63,0,0,0,1928,1982,37.78,-122.4134521,POINT (-122.4134521 37.78),21,5,10,36,36,28852,7,10,9
1999-016,Carter Terrace,530,Carter,St,94134,Excelsior,10,Mercy Housing California,101,0,100,0,0,0,29,39,32,0,0,100,0,0,0,0,0,0,32,0,23,45,0,0,0,2004,2004,37.71,-122.4245834,POINT (-122.42458340000002 37.71),58,9,1,7,5,309,9,7,6
1988-005,Geary Courtyard,639,Geary,St,94102,Tenderloin,6,Geary Courtyard Associates,164,0,19,0,0,14,5,0,0,0,0,19,0,0,0,0,0,0,0,0,13,0,6,0,0,1988,1989,37.79,-122.4136505,POINT (-122.41365050000002 37.79),50,6,3,21,21,28858,5,1,10
2017-022,3353 26th Street - Small Sites,3353,26th,St,94110,Mission,9,Mission Economic Development Agency,10,0,10,0,0,3,6,1,0,0,0,10,0,0,0,0,0,0,0,0,0,0,10,0,0,1914,2017,37.7488695,-122.4171635,POINT (-122.41716350000002 37.7488695),53,3,2,20,19,28859,2,4,7
1998-009,Ellis Street Apartments,864,Ellis,St,94109,Tenderloin,6,Tenderloin Neighborhood Development Corporation,25,0,25,0,0,25,0,0,0,0,0,0,0,25,0,0,0,0,0,0,25,0,0,0,0,1911,2002,37.78,-122.4204254,POINT (-122.42042540000001 37.78),21,4,11,9,10,28852,7,9,11
1995-016,Monterey Boulevard Apartments,403,Monterey,Blvd,94112,West of Twin Peaks,7,Bernal Heights Neighborhood Center,4,0,4,0,0,0,1,3,0,0,0,4,0,0,4,4,0,0,0,0,0,4,0,0,0,1950,1997,37.73,-122.4445801,POINT (-122.44458010000001 37.73),95,9,8,41,40,28861,9,7,4
1993-007,205 Jones,205,Jones,St,94102,Tenderloin,6,Mercy Housing California,50,0,49,0,0,49,0,0,0,0,0,49,0,0,0,0,0,0,0,0,10,39,0,0,0,1920,1996,37.78,-122.4126816,POINT (-122.4126816 37.78),32,5,10,34,34,28853,8,2,9
2015-013,1684-1688 Grove Street,1684,Grove,St,94117,Lone Mountain/USF,5,San Francisco Community Land Trust,3,0,3,0,0,0,0,2,1,0,0,3,0,0,0,0,0,0,0,0,0,0,3,0,0,1906,2016,37.78,-122.4443665,POINT (-122.44436649999999 37.78),13,7,6,18,16,29490,15,5,1
2013-026,227 Bay Street,227,Bay,St,94133,North Beach,3,Chinatown Community Development Center,50,0,49,0,0,47,2,0,0,0,0,0,49,0,0,0,49,0,0,0,49,0,0,0,0,1970,2015,37.81,-122.411293,POINT (-122.41129299999999 37.81),99,,,,,308,,,
2007-017,St. Peter's Place,420,29th,Ave,94121,Outer Richmond,1,Bernal Heights Neighborhood Center,20,0,19,0,0,14,4,1,0,0,0,19,0,0,14,0,19,0,0,0,19,0,0,0,0,2011,2011,37.78,-122.4888077,POINT (-122.4888077 37.78),8,8,4,29,26,55,11,6,2
1994-009,Magdalena Mora Hous,2973,26th,St,94110,Mission,9,Bernal Heights Neighborhood Center,2,0,2,0,0,0,0,0,2,0,0,2,0,0,0,0,0,0,0,0,0,2,0,0,0,1911,1997,37.75,-122.4095154,POINT (-122.4095154 37.75),53,3,2,20,19,28859,2,4,7
2002-021,Mosaica Family Apartments,680,Florida,St,94110,Mission,9,Tenderloin Neighborhood Development Corporation,93,0,92,0,0,0,6,43,39,4,0,90,0,2,20,20,0,0,20,0,0,72,0,0,0,2009,2008,37.76,-122.4115067,POINT (-122.4115067 37.76),53,3,2,20,19,28859,2,4,7
2016-030,462 Green Street,462,Green,St,94133,North Beach,3,Chinatown Community Development Center,6,0,6,0,0,0,0,6,0,0,0,6,0,0,0,0,0,0,0,0,0,0,0,6,0,1906,2016,37.8,-122.4068527,POINT (-122.4068527 37.8),106,6,3,23,23,308,3,1,10
1990-009,Senator Residence,519,Ellis,St,94109,Tenderloin,6,Community Housing Partnership,89,0,89,0,71,0,18,0,0,0,0,86,0,0,86,0,0,0,0,0,86,0,0,0,0,2005,2005,37.78,-122.4148636,POINT (-122.4148636 37.78),21,5,10,36,36,28852,7,10,9
1999-021,TIHDI: Island Bay Homes,1411,Flounder,Ct,94130,Treasure Island,6,Community Housing Partnership,66,0,64,0,0,0,0,26,28,10,0,64,0,0,41,21,0,0,0,0,33,0,31,0,0,1989,2002,37.83,-122.3747864,POINT (-122.3747864 37.83),36,1,10,37,37,62,,2,9
2001-014,Seneca Hotel,32-40,6th,St,94103,South of Market,6,Tenderloin Housing Clinic,202,0,88,0,88,0,0,0,0,0,0,88,0,0,205,0,0,0,0,0,88,0,0,0,0,2008,2002,37.78,-122.4098587,POINT (-122.4098587 37.78),32,1,10,34,34,28853,14,2,9
1992-007,Clara House,111,Page,St,94102,Hayes Valley,5,Compass Community Services,13,0,13,0,0,0,9,4,0,0,0,13,0,0,0,0,0,0,0,0,13,0,0,0,0,2002,2002,37.77,-122.4230423,POINT (-122.4230423 37.77),32,1,5,20,19,28853,8,2,5
1998-014,Bayanihan House,88,6th,St,94103,South of Market,6,TODCO Group,152,0,151,0,151,0,0,0,0,0,0,151,0,0,10,0,0,0,0,0,151,0,0,0,0,1912,1999,37.78,-122.4091644,POINT (-122.40916439999998 37.78),32,1,10,34,34,28853,14,2,9
1980-008,Capp Street Apartments,890,Capp,St,94110,Mission,9,Mission Housing Development Corporation,4,0,4,0,0,0,1,2,1,0,0,4,0,0,0,0,0,0,0,0,0,0,0,4,0,1890,1982,37.75,-122.4175644,POINT (-122.41756439999999 37.75),53,3,2,20,19,28859,2,4,7
1994-014,Planetree Housing Program,152-154,Coleridge,St,94110,Bernal Heights,9,HealthRight360,14,0,11,0,0,0,6,5,0,0,0,11,0,0,0,0,0,0,0,0,11,0,0,0,0,1991,1995,37.74,-122.4202576,POINT (-122.4202576 37.74),83,9,2,2,2,28859,2,7,7
1985-002,Klimm Apartments,460,Ellis,St,94102,Tenderloin,6,Tenderloin Neighborhood Development Corporation,42,0,41,0,0,40,1,0,0,0,0,31,10,0,0,0,0,0,0,0,0,41,0,0,0,1913,1987,37.78,-122.413826,POINT (-122.41382600000001 37.78),21,5,10,36,36,28852,7,10,9
1995-009,Lyric Hotel,140,Jones,St,94102,Tenderloin,6,Conard House,58,0,58,0,58,0,0,0,0,0,0,58,0,0,0,0,0,0,0,0,58,0,0,0,0,1920,1996,37.78,-122.4120712,POINT (-122.41207120000001 37.78),32,5,10,34,34,28853,8,2,9
1990-005,Richard M. Cohen Residence,220,Dolores,St,94114,Castro/Upper Market,8,Dolores Street Community Services,10,0,9,0,9,0,0,0,0,0,0,9,0,0,0,0,0,0,0,0,9,0,0,0,0,1994,1994,37.77,-122.4270401,POINT (-122.42704009999999 37.77),27,7,5,9,10,28852,7,9,5
1994-013,The Rose,125,6th,St,94103,South of Market,6,Mercy Housing California,76,0,75,0,75,0,0,0,0,0,0,75,0,0,0,0,0,0,0,0,75,0,0,0,0,1997,1997,37.78,-122.4080582,POINT (-122.4080582 37.78),32,1,10,34,34,28853,14,2,9
2016-041,Haight Street Apartments,398,Haight,St,94102,Hayes Valley,5,Tenderloin Neighborhood Development Corporation,12,0,7,0,0,0,5,2,0,0,0,7,0,0,0,0,0,0,0,0,0,0,7,0,0,1924,1989,37.77,-122.4286194,POINT (-122.42861939999999 37.77),28,7,5,9,10,28862,7,9,5
2004-031,Crescent Cove,420,Berry,St,94107,Mission Bay,6,Chinatown Community Development Center / Mission Bay Housing Partners,236,0,234,0,0,84,88,62,0,0,0,234,0,0,0,0,0,0,0,0,134,100,0,0,0,2007,2007,37.77,-122.399086,POINT (-122.399086 37.77),34,1,10,4,20,310,14,2,9
1993-003,Peter Claver Community,1340,Golden Gate,Ave,94115,Western Addition,5,Catholic Charities,32,0,31,0,31,0,0,0,0,0,0,31,0,0,0,0,0,0,0,0,31,0,0,0,0,1908,1994,37.78,-122.4327164,POINT (-122.4327164 37.78),97,4,11,39,41,29490,15,9,11
2006-020,Armstrong Place,5600,3rd,St,94124,Bayview Hunters Point,10,Bridge Housing,116,0,116,0,0,12,103,1,0,0,0,1,115,0,23,23,0,0,0,0,116,0,0,0,0,2010,2011,37.73,-122.3948441,POINT (-122.39484410000001 37.73),87,2,9,1,1,58,10,3,8
1969-001,Martin Luther King-Marcus Garvey Square Cooperative Apartments,1680,Eddy,St,94115,Western Addition,5,"Martin Luther King-Marcus Garvey Square Cooperative Apartments, INC.",211,0,211,0,0,13,54,56,56,32,0,211,0,0,0,0,0,0,0,0,0,0,211,0,0,2011,2011,37.78,-122.4348602,POINT (-122.43486019999999 37.78),97,4,11,39,41,29490,15,5,11
2008-034,Excelsior Teen Center,4466-4468,Mission,St,94112,Outer Mission,11,Bernal Heights Neighborhood Center,1,0,1,0,0,0,0,0,1,0,0,1,0,0,0,0,0,0,0,0,0,0,1,0,0,1913,2009,37.73,-122.4339142,POINT (-122.43391419999999 37.73),94,9,5,28,25,28861,9,7,5
2000-015,1340 Portola,1340,Portola,Dr,94127,West of Twin Peaks,7,West Bay Housing Corporation,6,6,0,6,0,0,0,0,0,0,0,0,0,0,0,0,0,0,0,0,6,0,0,0,0,1946,2001,37.74,-122.464653,POINT (-122.464653 37.74),49,10,8,41,40,59,1,8,4
2013-039,Clementina Towers,320 & 330,Clementina,St,94103,South of Market,6,Tenderloin Neighborhood Development Corporation,276,0,274,0,0,226,48,0,0,0,0,0,274,0,0,0,274,0,0,0,274,0,0,0,0,1971,2016,37.78,-122.4027576,POINT (-122.40275759999999 37.78),32,1,10,34,34,28856,6,2,9
1997-018,Avalon At Mission Bay (Tower 1),255,King,St,94107,Mission Bay,6,AvalonBay Communities Inc.,510,0,21,0,0,0,12,9,0,0,0,21,0,0,0,0,0,0,0,0,0,0,11,10,0,2003,2003,37.78,-122.3932495,POINT (-122.39324950000001 37.78),31,1,10,8,6,28856,6,2,9
1984-003,450 Ellis St,450,Ellis,St,94102,Tenderloin,6,"Asian, Inc.",29,0,24,0,0,3,21,0,0,0,0,24,0,0,0,0,0,0,0,0,24,0,0,0,0,1909,1986,37.79,-122.4136887,POINT (-122.41368870000001 37.79),50,6,3,21,21,28858,5,1,10
1984-005,Reardon Heights (formerly Aspen South Hills),50,Reardon,Rd,94124,Bayview Hunters Point,10,"Reardon Heights Associates, LP",82,0,82,0,0,0,30,52,0,0,0,82,0,0,0,0,0,0,0,0,16,66,0,0,0,1964,1985,37.73,-122.3766556,POINT (-122.3766556 37.73),78,2,9,1,1,58,10,3,8
1996-006,Bernal Gateway,3101,Mission,St,94110,Bernal Heights,9,Bernal Heights Neighborhood Center,55,0,55,0,0,0,9,29,13,4,0,55,0,0,0,0,0,16,15,0,12,12,0,0,0,2000,2001,37.75,-122.4177399,POINT (-122.41773990000002 37.75),53,3,2,20,19,28859,2,4,7
2008-032,Ferguson Place,1249,Scott,St,94115,Western Addition,5,Baker Places,12,12,12,12,12,0,0,0,0,0,0,12,0,0,0,0,0,0,0,0,12,0,0,0,0,1895,2005,37.78,-122.4376907,POINT (-122.4376907 37.78),97,4,11,39,41,29490,15,5,11
1987-002,Del Carlo Court,3330,Cesar Chavez,St,94110,Mission,9,Mission Housing Development Corporation,25,0,25,0,0,0,2,14,5,4,0,25,0,0,0,0,0,0,0,0,0,0,25,0,0,1992,1992,37.75,-122.4168167,POINT (-122.41681670000001 37.75),53,3,2,20,19,28859,2,4,7
1997-013,Laurel Gardens Apartments,1555,Turk,St,94115,Western Addition,5,Bethel African Methodist Episcopal Church,52,0,51,0,0,0,12,23,16,0,0,51,0,0,0,0,0,0,0,0,0,51,0,0,0,2001,2001,37.78,-122.4344864,POINT (-122.43448639999998 37.78),97,4,11,39,41,29490,15,5,11
2011-002,Arc Mercy Community,1099,Masonic,St,94117,Haight Ashbury,5,Mercy Housing California,17,0,16,0,0,16,0,0,0,0,0,16,0,0,0,0,16,0,0,0,16,0,0,0,0,1903,2017,37.77,-122.4459193,POINT (-122.4459193 37.77),25,7,11,3,9,29492,15,5,11
1989-009,525 O'Farrell Street,525,O'Farrell,St,94102,Tenderloin,6,"Asian, Inc.",26,0,25,0,0,25,0,0,0,0,0,25,0,0,0,0,0,0,0,0,5,20,0,0,0,1911,1990,37.79,-122.4134293,POINT (-122.4134293 37.79),50,6,3,21,21,28858,5,1,10
1998-021,Chinese American Citizens Alliance -S.F.,843,Clay,St,94108,Chinatown,3,Chinese American Citizens Alliance,26,0,23,0,0,0,23,0,0,0,0,23,0,0,0,0,0,0,0,0,23,0,0,0,0,1908,1999,37.79,-122.4072037,POINT (-122.40720369999998 37.79),19,6,3,8,6,28857,5,1,10
2013-024,491 31st Avenue - California Corridor,491,31st,Ave,94103,Outer Richmond,1,Mercy Housing California,75,0,74,0,0,66,8,0,0,0,0,0,74,0,0,0,74,0,0,0,74,0,0,0,0,1973,2015,37.78,-122.4915161,POINT (-122.4915161 37.78),8,8,4,29,26,55,11,6,2
1981-003,Aarti Hotel,391,Leavenworth,St,94109,Tenderloin,6,Tenderloin Neighborhood Development Corporation,40,0,40,0,40,0,0,0,0,0,0,0,0,40,40,0,0,0,0,0,40,0,0,0,0,1907,1991,37.78,-122.4146042,POINT (-122.4146042 37.78),21,5,10,36,36,28852,7,10,9
1996-007,Leland Apartments,980,Howard,St,94103,South of Market,6,TODCO Group,24,0,23,0,0,0,0,23,0,0,0,23,0,0,0,0,0,0,0,0,23,0,0,0,0,1998,1998,37.78,-122.4069824,POINT (-122.4069824 37.78),32,1,10,34,34,28853,14,2,9
1998-017,TIHDI: Female Offender Treatment and Education Program,1440,Chinook,Ct,94130,Treasure Island,6,HealthRight360,6,20,0,20,0,0,0,0,0,0,0,0,0,0,0,0,0,0,20,0,0,0,0,0,0,1960,2000,37.82,-122.3738708,POINT (-122.37387080000002 37.82),36,1,10,37,37,62,,2,9
1999-019,Maria Manor,174,Ellis,St,94102,Tenderloin,6,Tenderloin Neighborhood Development Corporation,119,0,119,0,119,0,0,0,0,0,0,0,119,0,0,0,0,0,0,0,36,83,0,0,0,2004,2004,37.79,-122.40905,POINT (-122.40905000000001 37.79),19,6,3,21,21,28857,5,1,10
1982-004,2945 16th,2945,16th,St,94110,Mission,9,Mission Housing Development Corporation,8,0,5,0,0,0,5,0,0,0,0,5,0,0,0,0,0,0,0,0,0,0,0,5,0,1921,1987,37.76,-122.4184875,POINT (-122.41848750000001 37.76),53,3,2,20,19,28859,2,4,7
1987-001,Coleridge Park Homes,190,Coleridge,St,94110,Bernal Heights,9,Bridge Housing,49,0,49,0,0,2,43,4,0,0,0,1,48,0,0,0,0,0,0,0,0,35,14,0,0,1989,1990,37.74,-122.4206238,POINT (-122.4206238 37.74),61,9,2,2,2,28859,2,7,7
2012-007,Candlestick Heights,833,Jamestown,Ave,94124,Bayview Hunters Point,10,"New Jamestown, LP",196,0,194,0,0,0,20,130,18,26,0,194,0,0,0,0,0,0,0,0,43,151,0,0,0,2013,2014,37.72,-122.3922195,POINT (-122.39221950000001 37.72),88,2,9,1,1,58,10,3,8
2012-026,2175 Market,2175,Market,St,94114,Castro/Upper Market,8,"FC 2175 Market, LLC.",88,0,18,0,0,0,11,7,0,0,0,18,0,0,0,0,0,0,0,0,18,0,0,0,0,2013,2014,37.77,-122.4299164,POINT (-122.42991640000001 37.77),28,7,5,9,10,29492,7,9,5
1989-004,Jelani House,1601,Quesada,Ave,94124,Bayview Hunters Point,10,"Jelani, Inc. (Bayview Hunters Point Foundation)",13,16,0,16,0,0,0,0,0,0,0,0,0,0,0,0,0,0,0,0,0,0,16,0,0,1938,1991,37.73,-122.3899765,POINT (-122.38997650000002 37.73),86,2,9,1,1,58,10,3,8
1994-003,Juan Pifarre Plaza,3101,21st,St,94110,Mission,9,Mission Housing Development Corporation,30,0,29,0,0,0,3,8,14,4,0,29,0,0,0,0,0,0,0,0,14,15,0,0,0,1998,1998,37.76,-122.4171448,POINT (-122.4171448 37.76),53,3,2,20,19,28859,2,4,7
2011-007,Franciscan Towers,217,Eddy,St,94102,Tenderloin,6,Tenderloin Neighborhood Development Corporation,105,0,104,0,0,94,10,0,0,0,0,104,0,0,0,0,0,0,0,0,21,83,0,0,0,1914,1993,37.78,-122.4112701,POINT (-122.4112701 37.78),32,5,10,34,34,28853,14,2,9
2000-014,Curran House,145,Taylor,St,94102,Tenderloin,6,Tenderloin Neighborhood Development Corporation,67,0,66,0,0,14,15,13,24,0,0,66,0,0,10,0,0,0,0,0,66,0,0,0,0,2005,2005,37.78,-122.4112244,POINT (-122.4112244 37.78),32,5,10,34,34,28853,14,2,9
2008-001,Bill Sorro Community (Hugo/200 6th),1009,Howard,St,94103,South of Market,6,Mercy Housing California,67,0,66,0,0,8,24,24,10,0,0,66,0,0,0,0,14,0,0,0,66,0,0,0,0,2014,2017,37.78,-122.4071016,POINT (-122.40710160000002 37.78),32,1,10,34,34,28853,14,2,9
1982-009,Swiss American Hotel,534,Broadway,Yes,94133,North Beach,3,Chinatown Community Development Center,66,0,34,0,33,1,0,0,0,0,0,34,0,0,0,0,0,0,0,0,0,0,34,0,0,1910,1985,37.8,-122.4061584,POINT (-122.40615840000001 37.8),106,6,3,23,23,308,3,1,10
1990-003,William Penn Hotel,160,Eddy,St,94102,Tenderloin,6,Chinatown Community Development Center,91,0,89,0,89,0,0,0,0,0,0,89,0,0,10,0,0,0,0,0,89,0,0,0,0,1909,1993,37.78,-122.4102631,POINT (-122.4102631 37.78),32,5,10,34,34,28853,14,2,9
1980-007,Tennessee Street Housing Corporation,712,Tennessee,St,94107,Potrero Hill,10,Tennessee Street Housing Corporation,6,0,6,0,0,1,3,2,0,0,0,6,0,0,0,0,0,0,0,0,0,0,4,2,0,1928,1982,37.76,-122.3900146,POINT (-122.39001460000001 37.76),55,2,9,26,29,28856,10,3,8
1988-006,Bayside Elderly Housing,777,Broadway,Yes,94133,Chinatown,3,Chinatown Community Development Center,31,0,30,0,0,30,0,0,0,0,0,0,30,0,0,0,0,0,0,0,0,0,30,0,0,1989,1989,37.8,-122.4093475,POINT (-122.4093475 37.8),106,6,3,23,23,308,3,1,10
2013-041,Westside Courts Public Housing,2501,Sutter,St,94115,Japantown,5,EM Johnson,135,0,134,0,0,0,83,23,20,8,0,134,0,0,0,0,0,0,0,0,134,0,0,0,0,1943,2016,37.78,-122.4422658,POINT (-122.4422658 37.78),13,7,6,18,16,29490,15,5,1
1995-019,Hazel Betsey,3554,17th,St,94110,Mission,8,Bernal Heights Housing Corporation,9,0,9,0,0,6,3,0,0,0,0,9,0,0,0,0,0,0,0,0,9,0,0,0,0,2002,2002,37.76,-122.4251251,POINT (-122.4251251 37.76),37,3,5,20,19,28859,2,4,5
1988-001,Mercy Family Plaza,1509,Hayes,St,94117,Lone Mountain/USF,5,Mercy Housing California,36,0,22,0,0,3,6,8,5,0,0,22,0,0,0,0,0,0,0,0,0,0,22,0,0,1909,1990,37.77,-122.4419556,POINT (-122.4419556 37.77),112,7,5,3,9,29492,15,5,5
2015-052,Dorothy Day Community,54,McAllister,St,94102,Tenderloin,6,Mercy Housing California,100,0,99,0,0,26,73,0,0,0,0,0,99,0,0,0,0,0,0,0,10,89,0,0,0,1986,1986,37.78,-122.4131699,POINT (-122.41316990000001 37.78),21,5,10,34,34,28852,7,2,9
2004-030,Mercy Terrace,333,Baker,St,94117,Lone Mountain/USF,5,Mercy Housing California / Sisters of Mercy,158,0,32,0,0,5,27,0,0,0,0,32,0,0,0,0,0,0,0,0,32,0,0,0,0,1983,1983,37.77,-122.4418259,POINT (-122.44182589999998 37.77),112,7,5,3,9,29492,15,5,5
1998-022,Chinook Family Apartments,1441 & 1443,Chinook,Ct,94130,Treasure Island,6,Swords To Plowshares,12,0,12,0,0,0,0,12,0,0,0,12,0,0,0,0,0,0,0,0,0,12,0,0,0,1960,2000,37.82,-122.3736725,POINT (-122.3736725 37.82),36,1,10,37,37,62,,2,9
2017-002,4042 - 4048 Fulton Street,4042,Fulton,St,94118,Outer Richmond,1,San Francisco Community Land Trust,5,0,5,0,0,0,1,1,3,0,0,5,0,0,0,0,0,0,0,0,0,0,5,0,0,1921,2017,37.77,-122.4753991,POINT (-122.47539910000002 37.77),9,8,4,12,8,54,11,6,2
1990-018,Odyssey House,484,Oak,St,94102,Hayes Valley,5,Baker Places,10,10,10,10,10,0,0,0,0,0,0,10,0,0,0,0,0,0,10,0,0,0,0,0,0,1900,2008,37.77,-122.4272385,POINT (-122.4272385 37.77),27,7,5,9,10,28852,7,9,5
1997-011,Autumn Glow,654,Grove,St,94102,Hayes Valley,5,Self Help For The Elderly,15,15,0,15,0,0,0,0,0,0,0,0,15,0,0,0,0,0,0,0,15,0,0,0,0,1900,2001,37.78,-122.4273682,POINT (-122.42736820000002 37.78),97,4,11,39,41,29490,7,9,11
1999-015,Cameo House,424,Guerrero,St,94110,Mission,8,Center on Juvenile & Criminal Justice,11,0,11,0,11,0,0,0,0,0,0,11,0,0,0,0,0,11,0,0,0,0,0,0,0,1911,2001,37.76,-122.424469,POINT (-122.424469 37.76),37,3,5,20,19,28859,2,4,5
1998-013,Golden Gate Apartments,1820,Post,St,94115,Japantown,5,Chinatown Community Development Center,72,0,71,0,0,5,13,26,18,9,0,71,0,0,0,0,0,0,0,0,0,51,20,0,0,2006,2006,37.79,-122.4321823,POINT (-122.4321823 37.79),102,4,6,30,27,29490,13,9,1
1993-011,Leland House,141,Leland,Ave,94134,Visitacion Valley,10,Mercy Housing California,45,0,44,0,44,0,0,0,0,0,0,44,0,0,0,0,0,0,0,0,44,0,0,0,0,1920,1997,37.71,-122.4063568,POINT (-122.4063568 37.71),75,9,9,40,39,309,9,7,8
2001-021,McAllister Street Co-ops,1840,McAllister,St,94115,Lone Mountain/USF,5,Conard House,10,10,0,10,0,0,0,0,0,0,0,0,0,0,0,0,0,0,0,0,10,0,0,0,0,1908,2003,37.78,-122.4426193,POINT (-122.4426193 37.78),13,7,6,18,16,29490,15,5,1
2010-002,John Burton Advocates for Youth Housing Complex,800,Presidio,Ave,94115,Western Addition,2,Booker T. Washington Community Service Ctr / JSCo,50,0,49,0,0,48,0,1,0,0,0,24,0,25,25,25,0,0,0,0,37,12,0,0,0,2017,2017,37.78,-122.4457787,POINT (-122.4457787 37.78),13,7,6,18,16,54,15,5,1
1990-013,Fillmore Marketplace Apartments,1223,Webster,St,94115,Western Addition,5,"Fillmore Marketplace Associates, LP",120,0,120,0,0,0,29,30,61,0,0,120,0,0,0,0,0,0,0,0,0,0,120,0,0,1993,1993,37.78,-122.4310455,POINT (-122.4310455 37.78),97,4,11,39,41,29490,15,9,11
2004-024,10th & Mission Family Housing,1390,Mission,St,94103,South of Market,6,Mercy Housing California,136,0,135,0,0,0,34,41,60,0,0,132,0,3,44,44,0,0,0,0,135,0,0,0,0,2009,2009,37.78,-122.4157944,POINT (-122.4157944 37.78),21,5,10,36,36,28852,7,10,9
1990-008,Hamlin Hotel,385,Eddy,St,94102,Tenderloin,6,Chinatown Community Development Center,69,0,67,0,67,0,0,0,0,0,0,67,0,0,67,0,0,0,0,0,67,0,0,0,0,1909,1991,37.78,-122.4138641,POINT (-122.4138641 37.78),21,5,10,36,36,28852,7,10,9
1980-002,The Nathan Building,340,Eddy,St,94102,Tenderloin,6,Indochinese Housing Development Corporation,82,0,66,0,0,65,1,0,0,0,0,66,0,0,0,0,0,0,0,0,66,0,0,0,0,1911,1982,37.78,-122.4134521,POINT (-122.4134521 37.78),21,5,10,36,36,28852,7,10,9
2006-021,Hunters View (Phase 1),112,Middle Point,Rd,94124,Bayview Hunters Point,10,John Stewart Company / Ridgepoint / Devine & Gong,107,0,107,0,0,0,4,49,37,15,2,107,0,0,0,0,0,0,0,0,106,1,0,0,0,2013,2011,37.74,-122.3805313,POINT (-122.3805313 37.74),76,2,9,1,1,58,10,3,8
2013-047,3850 18th Street -Mission/Castro - RAD Cluster 6,3850,18th,St,94114,Castro/Upper Market,8,Bridge Housing & MEDA Housing,107,0,106,0,0,88,18,0,0,0,0,0,106,0,0,0,106,0,0,0,106,0,0,0,0,1971,2016,37.76,-122.4295877,POINT (-122.4295877 37.76),52,3,5,5,3,28862,2,4,5
1984-010,South Beach Marina Apartments,2,Townsend,St,94107,Financial District/South Beach,6,"South Beach Marina, Inc.",414,0,101,0,0,0,53,48,0,0,0,101,0,0,0,0,0,0,0,0,0,0,0,101,0,1989,1989,37.78,-122.3898087,POINT (-122.3898087 37.78),31,1,10,4,20,28856,6,2,9
1992-009,Swords to Plowshares (De Montfort),27/42,De Montfort,Ave,94112,Oceanview/Merced/Ingleside,7,Swords To Plowshares,22,0,15,0,15,0,0,0,0,0,0,15,0,0,0,0,0,0,0,0,15,0,0,0,0,1983,1983,37.72,-122.4587021,POINT (-122.4587021 37.72),64,10,1,24,24,28861,9,8,6
2013-031,Robert B. Pitts (RAD),1150,Scott,St,94115,Western Addition,5,Related Company,201,0,199,0,0,0,0,75,112,12,0,199,0,0,0,0,0,0,0,0,199,0,0,0,0,1956,2015,37.78,-122.4369812,POINT (-122.4369812 37.78),97,4,11,39,41,29490,15,5,11
2009-004,Dr. George W Davis Senior Housing,1751,Carroll,Ave,94124,Bayview Hunters Point,10,McCormack Baron Salazar / BHP Multi Senior Svcs,121,0,120,0,0,0,117,3,0,0,0,0,120,0,23,0,0,0,0,0,120,0,0,0,0,2014,2016,37.73,-122.3958511,POINT (-122.3958511 37.73),87,2,9,1,1,58,10,3,8
2000-018,Rose Court,2501,Pine,St,94115,Pacific Heights,5,St. Rose Corporation,19,0,13,0,0,1,4,7,1,0,0,0,13,0,0,0,0,0,0,0,0,13,0,0,0,1889,2001,37.79,-122.4374313,POINT (-122.4374313 37.79),102,4,6,30,27,29490,13,6,1
2016-056,3182-3198 24th Street,3182 -3198,24th,St,94110,Mission,9,Mission Economic Development Agency,8,0,8,0,0,4,2,0,2,0,0,8,0,0,0,0,0,0,0,0,0,0,8,0,0,1900,2017,37.75,-122.41597,POINT (-122.41597000000002 37.75),53,3,2,20,19,28859,2,4,7
1992-014,1028 Howard,1028,Howard,St,94103,South of Market,6,Mercy Housing California,30,0,30,0,0,0,5,11,14,0,0,30,0,0,0,0,0,0,0,0,0,0,30,0,0,1994,1994,37.78,-122.4079208,POINT (-122.4079208 37.78),32,1,10,34,34,28853,14,2,9
2014-007,O'Farrell Towers,477,O'Farrell,St,94102,Tenderloin,6,Tenderloin Neighborhood Development Corporation,101,0,100,0,0,0,100,0,0,0,0,0,100,0,0,0,0,0,0,0,0,100,0,0,0,2000,2000,37.79,-122.4124222,POINT (-122.4124222 37.79),50,6,3,21,21,28858,5,1,10
1995-015,Geraldine Johnson Manor,5545,3rd,St,94124,Bayview Hunters Point,10,Bridge Housing / San Francisco Housing Development Corporation (Bayview Senior Housing),54,0,53,0,0,0,53,0,0,0,0,0,53,0,0,0,0,0,0,0,53,0,0,0,0,1998,1998,37.73,-122.3931198,POINT (-122.3931198 37.73),87,2,9,1,1,58,10,3,8
2001-015,The Dudley Apartments,172-180,6th,St,94103,South of Market,6,Mercy Housing California,75,0,74,0,25,25,24,0,0,0,0,74,0,0,0,0,0,0,0,0,74,0,0,0,0,2003,2003,37.78,-122.4077988,POINT (-122.4077988 37.78),32,1,10,34,34,28853,14,2,9
1991-008,Webster Apartments,650,Webster,St,94102,Hayes Valley,5,Progress Foundation,2,0,2,0,0,0,0,0,0,2,0,2,0,0,0,0,0,0,0,0,0,2,0,0,0,1993,1993,37.78,-122.4293976,POINT (-122.42939760000002 37.78),97,4,11,39,41,29490,7,9,11
1989-011,Progress Apartments,1272,South Van Ness,Ave,94110,Mission,9,Progress Foundation,12,0,11,0,0,11,0,0,0,0,0,11,0,0,0,0,11,0,0,0,0,0,11,0,0,1992,1992,37.75,-122.4166641,POINT (-122.4166641 37.75),53,3,2,20,19,28859,2,4,7
2004-034,Parkview Terraces,871,Turk,St,94102,Western Addition,5,Chinatown Community Development Center / Bayside Communities,101,0,100,0,0,59,41,0,0,0,0,0,100,0,20,20,0,0,0,0,100,0,0,0,0,2008,2008,37.78,-122.4235153,POINT (-122.42351530000002 37.78),21,4,11,39,41,28852,7,9,11
2006-027,125 Mason Street,125,Mason,St,94102,Tenderloin,6,Glide,81,0,80,0,0,0,15,33,20,12,0,80,0,0,0,0,0,0,0,0,0,80,0,0,0,2008,2008,37.78,-122.4097443,POINT (-122.4097443 37.78),32,1,10,34,34,28853,14,2,9
1996-013,Hotel Isabel,1091-1099,Mission,St,94103,South of Market,6,TODCO Group,75,0,73,0,73,0,0,0,0,0,0,73,0,0,4,0,0,0,0,0,73,0,0,0,0,1999,1999,37.78,-122.4105377,POINT (-122.41053770000002 37.78),32,5,10,34,34,28853,14,2,9
2000-008,Pierce Street Apartments,220,Pierce,St,94117,Haight Ashbury,5,Tenderloin Neighborhood Development Corporation,8,0,8,0,0,0,8,0,0,0,0,8,0,0,0,0,0,0,0,0,0,8,0,0,0,1960,2001,37.77,-122.4335022,POINT (-122.43350220000002 37.77),28,7,5,3,9,29492,15,5,5
1993-006,Woolsey Apartments,195,Woolsey,St,94134,Portola,9,Bernal Heights Neighborhood Center,10,0,9,0,0,9,0,0,0,0,0,9,0,0,0,0,0,0,0,0,2,7,0,0,0,1926,1995,37.72,-122.4033737,POINT (-122.4033737 37.72),91,9,9,25,28,309,10,7,8
2015-015,1353-1357 Folsom Street,1353,Folsom,St,94103,South of Market,6,San Francisco Community Land Trust,3,0,3,0,0,0,0,1,1,1,0,3,0,0,0,0,0,0,0,0,0,0,3,0,0,1912,2016,37.77,-122.4121552,POINT (-122.41215520000002 37.77),32,1,10,20,19,28853,8,2,9
1994-015,Maitri,401,Duboce,Ave,94114,Castro/Upper Market,8,Maitri,15,15,0,15,0,0,0,0,0,0,0,0,0,0,0,0,0,0,0,0,15,0,0,0,0,1997,1997,37.77,-122.4294281,POINT (-122.4294281 37.77),28,7,5,9,10,29492,7,9,5
2011-001,280 Beale,280,Beale,St,94105,Financial District/South Beach,6,Mercy Housing California,70,0,69,0,0,0,55,14,0,0,0,69,0,0,0,0,0,0,0,0,69,0,0,0,0,2015,2015,37.79,-122.3925781,POINT (-122.39257810000001 37.79),108,1,10,8,6,28855,6,2,9
2002-019,Mission Creek Senior Community,225,Berry,St,94158,Mission Bay,6,Mercy Housing California,140,0,139,0,0,0,139,0,0,0,0,0,139,0,51,51,0,0,0,0,139,0,0,0,0,2006,2006,37.77,-122.3940887,POINT (-122.39408870000001 37.77),34,1,10,4,20,310,14,3,9
2013-034,1760 Bush,1760,Bush,St,94109,Pacific Heights,5,John Stewart Company,108,0,107,0,0,83,23,1,0,0,0,0,107,0,0,0,107,0,0,0,107,0,0,0,0,1972,2016,37.79,-122.4264118,POINT (-122.42641180000001 37.79),102,4,6,30,27,28858,13,9,1
1995-010,Walden Adolescent,214,Haight,St,94102,Hayes Valley,5,HealthRight360,64,12,0,12,0,0,0,0,0,0,0,0,0,0,0,0,0,0,0,0,12,0,0,0,0,1966,1997,37.77,-122.4261475,POINT (-122.42614750000001 37.77),27,7,5,9,10,28852,7,9,5
2013-027,462 Duboce- RAD Cluster 6,462,Duboce,Ave,94117,Hayes Valley,8,Bridge Housing & MEDA Housing,42,0,41,0,0,34,7,0,0,0,0,0,41,0,0,0,41,0,0,0,41,0,0,0,0,1971,2015,37.77,-122.4307938,POINT (-122.4307938 37.77),28,7,5,9,10,29492,15,9,5
2002-022,Plaza Apartments,988-992,Howard,St,94103,South of Market,6,Tenderloin Neighborhood Development Corporation,106,0,106,0,0,106,0,0,0,0,0,106,0,0,106,53,0,0,0,0,106,0,0,0,0,2005,2005,37.78,-122.407135,POINT (-122.40713499999998 37.78),32,1,10,34,34,28853,14,2,9
1970-001,Ridgeview Terrace Apartments,140,Cashmere,St,94124,Bayview Hunters Point,10,"Ridgeview Terrace Affordable Housing, Inc.",101,0,100,0,0,12,36,27,14,10,1,100,0,0,0,0,0,0,0,0,20,80,0,0,0,2001,2001,37.74,-122.3846893,POINT (-122.3846893 37.74),86,2,9,1,1,58,10,3,8
2008-035,Bayview Hill Gardens,1075,Le Conte,Ave,94124,Bayview Hunters Point,10,Mercy Housing California,73,0,72,0,0,15,24,25,8,0,0,66,0,6,72,55,0,0,0,0,72,0,0,0,0,2013,2013,37.72,-122.3981094,POINT (-122.3981094 37.72),88,2,9,1,1,58,10,3,8
2005-033,Mosaica Senior Apartments,655,Alabama,St,94110,Mission,9,Tenderloin Neighborhood Development Corporation,24,0,24,0,0,19,5,0,0,0,0,0,24,0,11,11,0,0,11,0,0,13,0,0,0,2009,2009,37.76,-122.4115067,POINT (-122.4115067 37.76),53,3,2,20,19,28859,2,4,7
1990-012,Hayes Adult Residence,890,Hayes,St,94117,Hayes Valley,5,HealthRight360,115,115,0,104,0,0,0,0,0,0,0,0,0,0,0,0,0,0,0,0,0,0,104,0,0,1900,1992,37.78,-122.4309006,POINT (-122.4309006 37.78),97,4,11,39,41,29490,15,9,11
1997-019,Tabernacle Vista Apartments,2139,O'Farrell,St,94115,Western Addition,5,Tabernacle Community Development Corporation,21,0,21,0,0,7,11,3,0,0,0,21,0,0,0,0,0,0,0,0,0,0,21,0,0,2010,2010,37.78,-122.4401703,POINT (-122.44017029999999 37.78),13,7,11,39,41,29490,15,5,11
1984-006,St. Claire Residence,585,Geary,St,94102,Tenderloin,6,Chinatown Community Development Center,41,0,39,0,21,6,12,0,0,0,0,39,0,0,0,0,0,0,0,0,39,0,0,0,0,1919,1987,37.79,-122.4128418,POINT (-122.4128418 37.79),50,6,3,21,21,28858,5,1,10
1997-014,Bayview Commons,4445,3rd,St,94124,Bayview Hunters Point,10,San Francisco Housing Development Corporation,30,0,29,0,0,0,0,19,8,2,0,29,0,0,0,0,0,0,0,0,8,21,0,0,0,2002,2003,37.74,-122.3894348,POINT (-122.3894348 37.74),86,2,9,1,1,58,10,3,8
2007-005,Willie B. Kennedy Senior Housing,1239,Turk,St,94115,Western Addition,5,Tenderloin Neighborhood Development Corporation,98,0,97,0,0,32,65,0,0,0,0,0,97,0,20,0,0,0,0,0,97,0,0,0,0,2016,2016,37.78,-122.4286804,POINT (-122.4286804 37.78),97,4,11,39,41,29490,7,9,11
2001-011,665 Clay,665,Clay,St,94111,Chinatown,3,Chinatown Community Development Center,25,0,25,0,11,12,1,1,0,0,0,25,0,0,0,0,0,9,9,0,7,0,0,0,0,1906,2002,37.79,-122.4040985,POINT (-122.4040985 37.79),19,6,3,8,6,28857,5,1,10
1993-010,Richmond Hills Family Center,6324,Geary,Blvd,94121,Outer Richmond,1,Mercy Housing California,20,35,0,20,0,0,0,0,0,0,0,0,0,35,0,0,0,0,0,0,20,0,0,0,0,1920,1997,37.78,-122.4873886,POINT (-122.4873886 37.78),8,8,4,29,26,55,11,6,2
2016-038,Washburn Hotel,38-42,Washburn,St,94103,South of Market,6,Conard House,22,0,22,0,22,0,0,0,0,0,0,22,0,0,0,0,0,0,0,0,0,0,22,0,0,1991,1991,37.78,-122.4145889,POINT (-122.4145889 37.78),21,5,10,36,36,28852,7,10,9
1994-008,2300 Van Ness,2300,Van Ness,Ave,94109,Russian Hill,3,"Asian, Inc.",22,0,21,0,0,0,6,7,6,2,0,21,0,0,0,0,0,0,0,0,8,13,0,0,0,1913,2000,37.8,-122.4232712,POINT (-122.4232712 37.8),107,4,6,32,32,28858,13,9,1
2017-014,19-23 Precita Avenue - Small Sites,19-23,Precita,Ave,94110,Bernal Heights,9,Mission Economic Development Agency,3,0,3,0,0,0,0,0,3,0,0,3,0,0,0,0,0,0,0,0,0,0,3,0,0,1900,2017,37.75,-122.4184682,POINT (-122.4184682 37.75),53,3,2,20,19,28859,2,4,7
1999-022,SOMA Family Apts (8th & Howard),1166,Howard,St,94103,South of Market,6,Tenderloin Neighborhood Development Corporation,74,0,74,0,0,0,12,40,22,0,0,74,0,0,0,0,0,0,0,0,24,50,0,0,0,2000,2003,37.78,-122.4114761,POINT (-122.4114761 37.78),32,5,10,34,34,28853,14,2,9
1995-020,Coventry Place,1550,Sutter,St,94109,Pacific Heights,5,SRG Senior Living,169,0,34,0,5,23,6,0,0,0,0,0,34,0,0,0,0,0,0,0,34,0,0,0,0,1998,1998,37.79,-122.4259644,POINT (-122.4259644 37.79),102,4,6,30,27,28858,13,9,1
1987-005,City Heights Apts (aka Avalon Nob Hill),840,Post,St,94109,Nob Hill,3,"Bay Apartment Communities, Inc.",185,0,37,0,0,9,23,5,0,0,0,37,0,0,0,0,0,0,0,0,37,0,0,0,0,1988,1987,37.79,-122.4159393,POINT (-122.4159393 37.79),50,6,3,21,21,28858,13,1,10
1989-008,Plaza del Sol,440,Valencia,St,94103,Mission,8,Mission Housing Development Corporation,59,0,59,0,0,0,0,25,29,5,0,59,0,0,0,0,0,0,0,0,0,59,0,0,0,1994,1994,37.77,-122.4228745,POINT (-122.42287449999999 37.77),32,1,5,20,19,28853,8,2,5
2013-023,1880 Pine Street- RAD California Corridor,1880,Pine,St,94109,Pacific Heights,2,Mercy Housing California,113,0,112,0,0,97,14,1,0,0,0,0,112,0,0,0,12,0,0,0,112,0,0,0,0,1900,2015,37.79,-122.4265823,POINT (-122.4265823 37.79),102,4,6,30,27,28858,13,9,1
1981-004,70 Moss,70,Moss,St,94103,South of Market,6,Mission Housing Development Corporation,5,0,3,0,0,0,2,0,0,1,0,3,0,0,0,0,0,0,0,0,0,0,0,3,0,1916,1983,37.78,-122.4079514,POINT (-122.4079514 37.78),32,1,10,34,34,28853,14,2,9
2011-009,Hunters View Phase IIA- 7a-7d & 11e-11f,112,Middle Point,Rd,94124,Bayview Hunters Point,10,John Stewart Company / Ridgepoint / Devine & Gong,107,0,106,0,0,0,30,31,34,10,1,107,0,0,0,0,5,0,0,0,26,0,80,0,0,2014,2014,37.74,-122.3797739,POINT (-122.37977389999999 37.74),76,2,9,1,1,58,10,3,8
1996-008,Cecil Williams Glide Community House,333,Taylor,St,94102,Tenderloin,6,Glide,52,0,52,0,0,22,13,9,8,0,0,52,0,0,0,0,0,0,0,0,52,0,0,0,0,1999,1999,37.79,-122.4116135,POINT (-122.4116135 37.79),50,6,3,21,21,28857,5,1,10
1992-006,Market Heights,1000,Tompkins,Ave,94110,Bernal Heights,9,Bernal Heights Neighborhood Center,46,0,45,0,0,0,6,16,22,1,0,45,0,0,0,0,0,0,0,0,22,23,0,0,0,1996,1996,37.74,-122.410141,POINT (-122.410141 37.74),83,9,2,2,2,28859,10,7,7
2015-012,Pigeon Palace,2840-2848,Folsom,St,94110,Mission,9,San Francisco Community Land Trust,6,0,6,0,0,0,0,6,0,0,0,6,0,0,0,0,0,0,0,0,0,0,6,0,0,1900,2015,37.75,-122.4143677,POINT (-122.4143677 37.75),53,3,2,20,19,28859,2,4,7
2008-031,Rafiki House,1761,Turk,St,94115,Western Addition,5,Rafiki House,11,11,0,11,0,0,0,0,0,0,0,0,0,0,0,0,0,0,0,0,11,0,0,0,0,1990,1996,37.78,-122.4379959,POINT (-122.4379959 37.78),97,4,11,39,41,29490,15,5,11
2013-038,1750 McAllister,1750,McAllister,St,94115,Western Addition,5,Community Housing Partnership,97,0,97,0,0,75,21,1,0,0,0,0,97,0,0,0,97,0,0,0,97,0,0,0,0,1900,2016,37.78,-122.4405381,POINT (-122.44053810000001 37.78),13,7,6,39,41,29490,15,5,1
1988-002,Lady Shaw,1483,Mason,St,94133,Nob Hill,3,Self Help For The Elderly,70,0,69,0,0,63,6,0,0,0,0,0,69,0,0,0,0,0,0,0,0,0,69,0,0,1990,1990,37.8,-122.412323,POINT (-122.41232299999999 37.8),107,6,3,6,4,308,3,1,10
1989-012,El Dorado Hotel,150,9th,St,94103,South of Market,6,Conard House,57,0,43,0,43,0,0,0,0,0,0,43,0,0,0,0,0,0,0,0,0,0,43,0,0,1990,1990,37.78,-122.4141159,POINT (-122.41411590000001 37.78),21,5,10,36,36,28852,7,10,9
2000-009,Tower 737 (aka Post St Towers),737,Post,St,94109,Tenderloin,3,Sequoia Equities,248,0,49,0,0,29,12,8,0,0,0,49,0,0,0,0,0,0,0,0,0,0,49,0,0,1985,1986,37.79,-122.414032,POINT (-122.414032 37.79),50,6,3,21,21,28858,5,1,10
1998-018,TIHDI: 1445 Chinook,1445,Chinook,Ct,94130,Treasure Island,6,HealthRight360,6,26,0,24,0,0,0,0,0,0,0,0,0,0,0,0,0,0,24,0,0,0,0,0,0,1960,2000,37.82,-122.3736725,POINT (-122.3736725 37.82),36,1,10,37,37,62,,2,9
1999-010,Alexander Residence,230,Eddy,St,94102,Tenderloin,6,Tenderloin Neighborhood Development Corporation,179,0,178,0,0,132,46,0,0,0,0,0,178,0,0,0,0,0,0,0,178,0,0,0,0,2004,2004,37.78,-122.411499,POINT (-122.41149900000002 37.78),32,5,10,34,34,28853,14,2,9
2015-016,70-72C Belcher Street,70,Belcher,St,94114,Castro/Upper Market,8,San Francisco Community Land Trust,5,0,5,0,0,0,0,5,0,0,0,5,0,0,0,0,0,0,0,0,0,0,5,0,0,1906,2016,37.77,-122.4304428,POINT (-122.4304428 37.77),28,7,5,9,10,29492,15,9,5
1981-002,Madrid Hotel,22,South Park,Park,94107,Financial District/South Beach,6,Mission Housing Development Corporation,44,0,44,0,42,2,0,0,0,0,0,44,0,0,0,0,0,0,40,0,4,0,0,0,0,1996,1985,37.78,-122.3936462,POINT (-122.3936462 37.78),31,1,10,8,6,28856,6,2,9
1994-012,Glenridge Apartments,9,Berkeley,Way,94131,Glen Park,8,Glenridge Apartments Residents' Council,275,0,273,0,0,0,52,100,113,8,0,273,0,0,0,0,0,0,0,0,142,0,67,64,0,1996,1996,37.74,-122.4380569,POINT (-122.43805690000002 37.74),57,9,5,10,7,63,2,7,5
2016-025,1500 Cortland,1500,Cortland,Ave,94110,Bernal Heights,9,Mission Economic Development Agency,4,0,4,0,0,0,2,2,0,0,0,4,0,0,0,0,0,0,0,0,0,0,4,0,0,1959,2016,37.74,-122.409317,POINT (-122.40931700000002 37.74),83,9,2,2,2,28859,10,7,7
1984-002,Cadillac Hotel,380,Eddy,St,94102,Tenderloin,6,Reality House West,158,0,158,0,158,0,0,0,0,0,0,158,0,0,0,0,0,0,0,0,0,158,0,0,0,1907,1992,37.78,-122.4139404,POINT (-122.41394039999999 37.78),21,5,10,36,36,28852,7,10,9
2016-001,111 Jones,111,Jones,St,94102,Tenderloin,6,Mercy Housing California,108,0,108,0,0,8,64,16,20,0,0,108,0,0,0,0,0,0,0,0,0,0,108,0,0,1993,1993,37.78,-122.4126282,POINT (-122.4126282 37.78),32,5,10,34,34,28853,8,2,9
1996-012,Presentation Senior Community,301,Ellis,St,94102,Tenderloin,6,Mercy Housing California,93,0,92,0,0,61,31,0,0,0,0,0,92,0,0,0,0,0,0,0,92,0,0,0,0,2001,2001,37.78,-122.411438,POINT (-122.411438 37.78),32,5,10,34,34,28853,14,2,9
1980-006,Clayton Hotel,657,Clay,St,94111,Chinatown,3,Chinatown Community Development Center,82,0,81,0,81,0,0,0,0,0,0,81,0,0,0,0,0,0,81,0,0,0,0,0,0,1915,1984,37.79,-122.4040375,POINT (-122.40403749999999 37.79),19,6,3,8,6,28857,5,1,10
1990-004,Ritz Hotel,216,Eddy,St,94102,Tenderloin,6,Tenderloin Neighborhood Development Corporation,89,0,88,0,88,0,0,0,0,0,0,88,0,0,0,0,0,0,0,0,88,0,0,0,0,1915,1992,37.78,-122.4112473,POINT (-122.41124730000001 37.78),32,5,10,34,34,28853,14,2,9
1998-016,TIHDI: TISH Phases 1 & 2,1403,Sturgeon,St,94130,Treasure Island,6,Catholic Charities,66,0,66,0,0,0,0,44,18,4,0,66,0,0,0,0,0,0,0,0,66,0,0,0,0,1974,2000,37.83,-122.3747482,POINT (-122.37474820000001 37.83),36,1,10,37,37,62,,2,9
2013-042,350 Ellis,350,Ellis,St,94102,Tenderloin,6,Tenderloin Neighborhood Development Corporation,96,0,96,0,0,72,24,0,0,0,0,0,96,0,0,0,96,0,0,0,96,0,0,0,0,1970,2016,37.79,-122.4121244,POINT (-122.41212439999998 37.79),50,6,3,21,21,28857,5,1,10
1995-018,Larkin St Assisted Care Program,129,Hyde,St,94102,Tenderloin,6,Larkin Street Youth Services,12,0,12,0,12,0,0,0,0,0,0,0,0,12,0,0,0,0,0,0,12,0,0,0,0,1930,1996,37.78,-122.4159393,POINT (-122.4159393 37.78),21,5,10,36,36,28852,7,10,9
1986-001,Carmelita Apartments,391,Valencia,St,94103,Mission,9,Housing Development & Neighborhood Preservation Corporation,40,0,24,0,0,4,6,10,4,0,0,24,0,0,0,0,0,0,0,0,0,0,24,0,0,1911,1990,37.77,-122.4217529,POINT (-122.4217529 37.77),32,3,2,20,19,28853,8,4,7
2006-026,Baldwin House Hotel,72-76,6th,St,94103,South of Market,6,Tenderloin Housing Clinic,207,0,10,0,10,0,0,0,0,0,0,10,0,0,0,0,0,0,0,0,10,0,0,0,0,2008,2008,37.78,-122.4093628,POINT (-122.4093628 37.78),32,1,10,34,34,28853,14,2,9
2004-025,Hotel Essex,684,Ellis,St,94109,Tenderloin,6,Community Housing Partnership,84,0,84,0,0,84,0,0,0,0,0,76,0,8,84,44,0,30,0,0,54,0,0,0,0,1913,2008,37.78,-122.417511,POINT (-122.417511 37.78),21,4,10,36,36,28852,7,9,9
1992-010,2782 24th,2782,24th,St,94110,Mission,9,Mission Housing Development Corporation,3,0,3,0,0,0,1,0,2,0,0,3,0,0,0,0,0,0,2,0,1,0,0,0,0,1900,1994,37.75,-122.4078903,POINT (-122.40789030000002 37.75),53,3,2,20,19,28859,2,4,7
1991-004,St. Olga's Home,275,Collins,St,94118,Lone Mountain/USF,1,Russian American Community Services,10,14,0,10,0,0,0,0,0,0,0,0,10,0,0,0,0,0,0,0,0,0,10,0,0,1900,1991,37.78,-122.4500732,POINT (-122.45007319999999 37.78),12,7,4,18,16,54,15,6,2
2000-013,Ocean Beach Apartments,720-740,La Playa,St,94121,Outer Richmond,1,San Francisco Housing Development Corporation / Bayside Communities,85,0,84,0,0,0,27,54,3,0,0,84,0,0,0,0,0,0,0,0,0,84,0,0,0,2003,2003,37.77,-122.5097961,POINT (-122.50979609999999 37.77),9,8,4,12,8,55,11,6,2
2001-020,Folsom + Dore Apartments,1346,Folsom,St,94103,South of Market,6,Tenderloin Neighborhood Development Corporation,98,0,96,0,0,34,56,6,0,0,0,96,0,0,40,20,0,0,46,0,0,50,0,0,0,2004,2005,37.77,-122.4124832,POINT (-122.41248320000001 37.77),32,1,10,20,19,28853,8,2,9
1993-002,Asian Women's Shelter,0,Confidential,,00000,Confidential,6,Mei Fong And Associates,5,16,0,16,0,0,0,0,0,0,0,0,0,0,0,0,0,0,0,0,0,16,0,0,0,1994,1994,,,,,,,,,,,,
2013-048,Ping Yuen,"655, 711-795 and 895",Pacific,Ave,94133,Chinatown,3,"Chinatown Community Development Center, Inc.",234,0,233,0,0,0,46,91,75,21,0,233,0,0,0,0,0,0,0,0,233,0,0,0,0,1950,2016,37.8,-122.4095743,POINT (-122.4095743 37.8),106,6,3,23,23,308,3,1,10
1985-001,Civic Center Residence,44,McAllister,St,94102,Tenderloin,6,Tenderloin Neighborhood Development Corporation,212,0,211,0,211,0,0,0,0,0,0,211,0,0,105,0,0,0,0,0,211,0,0,0,0,1924,1991,37.78,-122.4127884,POINT (-122.4127884 37.78),32,5,10,34,34,28853,8,2,9
2013-032,25 Sanchez- RAD Cluster 6,25,Sanchez,St,94114,Castro/Upper Market,8,Bridge Housing & MEDA Housing,90,0,89,0,0,75,14,0,0,0,0,0,89,0,0,0,89,0,0,0,89,0,0,0,0,1972,2015,37.77,-122.4309769,POINT (-122.43097690000002 37.77),28,7,5,9,10,29492,15,9,5
1982-008,Yosemite Apartments,480,Eddy,St,94109,Tenderloin,6,Tenderloin Neighborhood Development Corporation,32,0,20,0,0,19,1,0,0,0,0,20,0,0,0,0,0,0,0,0,0,0,0,20,0,1924,1984,37.78,-122.4155045,POINT (-122.4155045 37.78),21,5,10,36,36,28852,7,10,9
2007-020,Octavia Court,261,Octavia,St,94102,Hayes Valley,5,West Bay Housing Corporation / Satellite Housing,15,0,14,0,0,0,12,2,0,0,0,14,0,0,0,0,14,0,0,0,14,0,0,0,0,2010,2010,37.77,-122.4244614,POINT (-122.42446139999998 37.77),27,1,5,20,19,28853,8,2,5
1997-010,La Playa Apartments,770,La Playa,St,94121,Outer Richmond,1,Progress Foundation,14,0,13,0,0,0,0,13,0,0,0,13,0,0,0,0,13,0,0,0,13,0,0,0,0,2006,2005,37.77,-122.5097504,POINT (-122.5097504 37.77),9,8,4,12,8,55,11,6,2
2017-003,1015 Shotwell,1015,Shotwell,St,94110,Mission,9,Mission Economic Development Agency,10,0,10,0,0,2,7,1,0,0,0,10,0,0,0,0,0,0,0,0,0,0,10,0,0,1900,2017,37.75,-122.4147941,POINT (-122.4147941 37.75),53,3,2,20,19,28859,2,4,7
1999-014,Friendship House,56,Julian,Ave,94103,Mission,9,Friendship House,20,80,0,80,0,0,0,0,0,0,0,0,0,0,0,0,0,0,0,0,80,0,0,0,0,2005,2005,37.77,-122.421402,POINT (-122.42140200000001 37.77),32,3,2,20,19,28853,8,4,7
1988-007,Monsignor Lyne Community,118,Diamond,St,94114,Castro/Upper Market,8,Mercy Housing California,20,0,19,0,0,4,15,0,0,0,0,0,19,0,0,0,0,0,0,0,0,0,19,0,0,1989,1989,37.76,-122.4370041,POINT (-122.4370041 37.76),38,3,5,5,3,28862,2,4,5
1993-012,Gabreila Apartments,583-587,Natoma,St,94103,South of Market,6,Housing Development & Neighborhood Preservation Corporation,29,0,29,0,0,0,4,9,12,3,1,29,0,0,0,0,0,0,0,0,0,0,29,0,0,1996,1996,37.78,-122.4093857,POINT (-122.40938570000002 37.78),32,1,10,34,34,28853,14,2,9
1998-011,Eugene Coleman Senior Community,328,Tehama,St,94103,South of Market,6,TODCO Group,85,0,84,0,0,55,29,0,0,0,0,0,84,0,0,0,0,0,0,0,84,0,0,0,0,2005,2005,37.78,-122.4027557,POINT (-122.40275570000001 37.78),32,1,10,34,34,28856,6,2,9
1995-014,Cameo Apartments,481,Eddy,St,94102,Tenderloin,6,Tenderloin Neighborhood Development Corporation,31,0,30,0,0,28,2,0,0,0,0,30,0,0,0,0,0,0,0,0,6,24,0,0,0,1916,1985,37.78,-122.4155045,POINT (-122.4155045 37.78),21,5,10,36,36,28852,7,10,9
1982-005,Casa Quezada,35,Woodward,St,94103,Mission,9,Dolores Street Community Services,52,0,52,0,52,0,0,0,0,0,0,52,0,0,52,52,0,0,0,0,52,0,0,0,0,1907,1985,37.77,-122.4206924,POINT (-122.4206924 37.77),32,3,2,20,19,28853,8,4,7
1980-003,3434 18th,3434,18th,St,94110,Mission,9,Mission Housing Development Corporation,8,0,8,0,0,6,2,0,0,0,0,5,0,0,0,0,0,0,0,0,0,8,0,0,0,1924,1983,37.76,-122.4202652,POINT (-122.42026519999999 37.76),53,3,2,20,19,28859,2,4,7
1990-007,375 Eddy,375,Eddy,St,94102,Tenderloin,6,Indochinese Housing Development Corporation,35,0,32,0,0,25,7,0,0,0,0,32,0,0,0,0,0,0,0,0,0,0,32,0,0,1993,1993,37.78,-122.413681,POINT (-122.413681 37.78),21,5,10,36,36,28852,7,10,9
2012-019,Potrero HOPE SF - Phase I - Block X,1101,Connecticut Street,,,Potrero Hill,10,BRIDGE Housing Corporation,72,0,71,0,0,2,10,50,9,0,0,71,0,0,0,0,0,0,0,0,40,31,0,0,0,2018,2018,37.75201706,-122.3959658,POINT (-122.3959658 37.75201706),54,2,9,1,1,28856,10,3,8
1994-004,Fannie Lou Hamer House,1221,Cortland,Ave,94110,Bernal Heights,9,Bernal Heights Neighborhood Center,2,0,2,0,0,0,0,0,1,1,0,2,0,0,0,0,0,0,0,0,2,0,0,0,0,1911,1997,37.74,-122.411972,POINT (-122.411972 37.74),83,9,2,2,2,28859,10,7,7
1989-003,Abel Gonzales Apartments,1045,Capp,St,94110,Mission,9,Mission Housing Development Corporation,30,0,30,0,0,9,21,0,0,0,0,0,30,0,0,0,0,0,0,0,30,0,0,0,0,1908,1992,37.75,-122.4168549,POINT (-122.4168549 37.75),53,3,2,20,19,28859,2,4,7
2004-029,Walden House,815,Buena Vista,Ave,94117,Haight Ashbury,5,HealthRight360,0,108,0,86,0,0,0,0,0,0,0,0,0,0,0,0,0,0,0,0,86,0,0,0,0,1916,2008,37.77,-122.4430771,POINT (-122.4430771 37.77),112,7,5,3,9,29492,15,5,5
2006-022,Zygmunt Arendt House,850,Broderick,St,94115,Western Addition,5,Community Housing Partnership,47,0,46,0,0,46,0,0,0,0,0,0,46,0,46,30,0,0,46,0,0,0,0,0,0,2010,2010,37.78,-122.4398193,POINT (-122.43981930000001 37.78),13,7,11,39,41,29490,15,5,11
2000-017,Buena Vista Terrace,1250,Haight,St,94117,Haight Ashbury,5,Tenderloin Neighborhood Development Corporation,40,0,39,0,0,33,6,0,0,0,0,0,39,0,0,0,0,0,0,0,39,0,0,0,0,1915,2007,37.77,-122.4428711,POINT (-122.44287110000002 37.77),112,7,5,3,9,29492,15,5,5
2009-020,Mary Helen Rogers Senior Community,701-725,Golden Gate,Ave,94102,Western Addition,5,Chinatown Community Development Center,100,0,99,0,0,28,71,0,0,0,0,0,99,0,20,0,0,0,0,0,99,0,0,0,0,2013,2012,37.78,-122.4223862,POINT (-122.4223862 37.78),21,4,11,39,41,28852,7,9,11
2016-066,3840 Folsom Street,3840,Folsom,St,94110,Bernal Heights,9,Mission Economic Development Agency,4,0,4,0,0,0,3,1,0,0,0,4,0,0,0,0,0,0,0,0,0,0,4,0,0,1905,2016,37.74,-122.4135361,POINT (-122.4135361 37.74),83,9,2,2,2,28859,2,7,7
1990-014,Fell Street Apartments,333,Fell,St,94102,Hayes Valley,5,Bridge Housing,82,0,82,0,0,4,20,24,34,0,0,82,0,0,0,0,0,0,0,0,0,0,82,0,0,1994,1994,37.78,-122.4234314,POINT (-122.42343139999998 37.78),21,4,11,39,41,28852,7,9,11
2001-016,Curry Senior Center Apartments,315,Turk,St,94102,Tenderloin,6,Curry Senior Center / 321 Turk,14,0,13,0,0,13,0,0,0,0,0,0,13,0,0,0,0,0,0,0,0,13,0,0,0,1920,2003,37.78,-122.4143372,POINT (-122.41433720000002 37.78),21,5,10,36,36,28852,7,10,9
2012-009,Pacific Pointe,350,Friedell,St,94124,Bayview Hunters Point,10,Amcal,60,0,59,0,0,0,27,20,12,0,0,59,0,0,0,0,0,0,0,0,59,0,0,0,0,2016,2016,37.73,-122.3707657,POINT (-122.3707657 37.73),78,2,9,1,1,58,10,3,8
1996-009,John King Senior Community,500,Raymond,Ave,94134,McLaren Park,10,Mercy Housing California,91,0,90,0,0,0,90,0,0,0,0,0,90,0,0,0,0,0,0,0,90,0,0,0,0,2002,2002,37.72,-122.4123459,POINT (-122.4123459 37.72),73,9,2,19,18,309,9,7,7
2013-028,666 Ellis Street - RAD Cluster 4,666,Ellis,St,94109,Tenderloin,6,Community Housing Partnership,99,0,99,0,0,77,22,0,0,0,0,0,99,0,0,0,99,0,0,0,99,0,0,0,0,1970,2015,37.78,-122.4172363,POINT (-122.4172363 37.78),21,4,10,36,36,28852,7,9,9
2013-043,Alemany,951,Ellsworth,St,94110,Bernal Heights,9,BRIDGE Housing Corporation and Bernal Heights Neighborhood Center,150,0,148,0,0,0,7,98,41,2,0,148,0,0,0,0,0,0,0,0,148,0,0,0,0,1956,2016,37.73,-122.4170542,POINT (-122.4170542 37.73),92,2,2,25,28,309,9,3,7
1984-007,735 Ellis,735,Ellis,St,94109,Tenderloin,6,"Asian, Inc.",30,0,30,0,0,24,6,0,0,0,0,30,0,0,0,0,0,0,0,0,30,0,0,0,0,1909,1987,37.78,-122.4183044,POINT (-122.4183044 37.78),21,4,10,36,36,28852,7,9,9
1998-008,Veterans Academy,1030,Girard,Rd,94129,Presidio,2,Swords To Plowshares,108,0,100,0,100,0,0,0,0,0,0,100,0,0,0,0,0,0,100,0,0,0,0,0,0,1975,2000,37.8,-122.453392,POINT (-122.453392 37.8),3,,6,27,30,61,11,,1
2008-005,The Openhouse Community at 55 Laguna (Richardson Hall),55,Laguna,St,94102,Hayes Valley,8,Mercy Housing California,40,0,39,0,0,10,26,3,0,0,0,0,39,0,8,0,0,0,0,0,39,0,0,0,0,2016,2017,37.77,-122.4261466,POINT (-122.42614660000001 37.77),27,7,5,9,10,28852,7,9,5
1996-004,Britton Courts,1250,Sunnydale,Ave,94134,Visitacion Valley,10,Mercy Housing California,92,0,92,0,0,0,0,63,21,8,0,92,0,0,0,0,0,0,0,0,46,46,0,0,0,2000,2000,37.71,-122.4133606,POINT (-122.4133606 37.71),75,9,9,40,39,309,9,7,8
1984-001,Women's Hope,2261,Bryant,St,94110,Mission,9,Mission Housing Development Corporation / HealthRight360,16,0,10,0,0,0,10,0,0,0,0,10,0,0,0,0,0,0,0,0,0,0,10,0,0,1987,1987,37.76,-122.4093399,POINT (-122.4093399 37.76),53,3,9,20,19,28859,2,4,8
1988-003,1738 Mission,1738,Mission,St,94103,Mission,9,"Asian, Inc.",10,0,7,0,0,0,3,0,1,3,0,7,0,0,0,0,0,0,0,0,0,0,7,0,0,1907,1995,37.77,-122.4203873,POINT (-122.42038730000002 37.77),32,3,2,20,19,28853,8,4,7
1999-018,Notre Dame Apartments,1590,Broadway,Yes,94109,Russian Hill,3,Chinatown Community Development Center,204,0,201,0,0,140,61,0,0,0,0,201,0,0,0,0,0,0,0,0,100,101,0,0,0,2004,2004,37.8,-122.4227371,POINT (-122.4227371 37.8),107,4,6,32,32,28858,13,9,1
1999-011,Antonia Manor,180,Turk,St,94102,Tenderloin,6,Tenderloin Neighborhood Development Corporation,133,0,133,0,131,0,2,0,0,0,0,3,130,0,0,0,0,0,0,0,133,0,0,0,0,2004,2004,37.78,-122.4122162,POINT (-122.4122162 37.78),32,5,10,34,34,28853,8,2,9
1982-001,Tower Hotel,1525,Grant,Ave,94133,North Beach,3,Chinatown Community Development Center,33,0,17,0,17,0,0,0,0,0,0,17,0,0,0,0,0,0,0,0,0,0,0,17,0,1911,1983,37.8,-122.4078903,POINT (-122.40789030000002 37.8),106,6,3,23,23,308,3,1,10
2010-001,Edward II,3151-3155,Scott,St,94123,Marina,2,Community Housing Partnership,25,0,24,0,24,0,0,0,0,0,0,0,0,24,24,24,0,0,0,0,24,0,0,0,0,1914,2014,37.8,-122.4411392,POINT (-122.44113919999998 37.8),17,4,6,13,17,57,13,9,1
2013-033,990 Pacific Avenue,990,Pacific,Ave,94133,Chinatown,3,Chinatown Community Development Center,92,0,91,0,0,74,17,0,0,0,0,0,91,0,0,0,91,0,0,0,91,0,0,0,0,1912,2015,37.8,-122.4113846,POINT (-122.4113846 37.8),107,6,3,6,4,308,3,1,10
2001-012,Hartland Hotel,909,Geary,St,94109,Tenderloin,6,Tenderloin Housing Clinic,136,0,136,0,136,0,0,0,0,0,0,136,0,0,137,0,0,0,114,0,22,0,0,0,0,1915,2004,37.79,-122.4182892,POINT (-122.41828920000002 37.79),16,6,3,21,21,28858,13,1,10
2015-006,308 Turk Street,308,Turk,St,94102,Tenderloin,6,San Francisco Community Land Trust,20,0,20,0,0,20,0,0,0,0,0,20,0,0,0,0,0,0,0,0,0,0,20,0,0,1923,2015,37.78,-122.4144363,POINT (-122.41443629999999 37.78),21,5,10,36,36,28852,7,10,9
1993-005,1912 McAllister,1912,McAllister,St,94115,Lone Mountain/USF,5,Westside Community Services,0,7,0,4,0,0,0,0,0,0,0,0,0,0,0,0,0,0,0,0,4,0,0,0,0,1900,1994,37.78,-122.4436951,POINT (-122.4436951 37.78),13,7,6,18,16,29490,15,5,1
2004-033,Banneker Homes,745-785,Fulton,St,94102,Hayes Valley,5,"Banneker Homes, Inc.",108,0,108,0,0,0,12,40,35,21,0,108,0,0,0,0,0,0,0,0,22,0,86,0,0,2008,2008,37.78,-122.4289474,POINT (-122.4289474 37.78),97,4,11,39,41,29490,7,9,11
2005-034,149 Mason Street Apartments,149,Mason,St,94102,Tenderloin,6,Glide,56,0,55,0,0,55,0,0,0,0,0,55,0,0,56,55,0,0,0,0,55,0,0,0,0,2009,2009,37.78,-122.4097443,POINT (-122.4097443 37.78),32,1,10,34,34,28853,14,2,9
1972-001,Sutter Apartments,1480,Sutter,St,94109,Western Addition,2,"Sutter Gough, LP",67,0,67,0,0,24,43,0,0,0,0,67,0,0,0,0,0,0,0,0,0,67,0,0,0,2000,1973,37.79,-122.4247513,POINT (-122.4247513 37.79),102,4,6,39,41,28858,13,9,1
2013-022,255 Woodside Avenue- RAD Cluster 6,255,Woodside,Ave,94127,Twin Peaks,7,Bridge Housing & MEDA Housing,109,0,108,0,0,87,21,0,0,0,0,0,108,0,0,0,108,0,0,0,108,0,0,0,0,1962,2015,37.75,-122.4552307,POINT (-122.4552307 37.75),49,7,8,38,38,63,1,5,4
1994-011,479 Natoma,479,Natoma,St,94103,South of Market,6,"Asian, Inc.",30,0,29,0,0,0,0,14,14,1,0,29,0,0,0,0,0,0,0,0,0,0,29,0,0,1997,1997,37.78,-122.4069824,POINT (-122.4069824 37.78),32,1,10,34,34,28853,14,2,9
1995-011,Notre Dame Plaza,347,Dolores,St,94110,Mission,8,Mercy Housing California,66,0,65,0,0,14,51,0,0,0,0,0,65,0,0,0,0,0,0,0,65,0,0,0,0,1920,1997,37.76,-122.4254074,POINT (-122.4254074 37.76),37,3,5,20,19,28859,2,4,5
2016-037,Howard Street Apartments,1601,Howard,St,94103,Mission,6,Tenderloin Neighborhood Development Corporation,12,0,12,0,0,0,0,12,0,0,0,12,0,0,0,0,0,0,0,0,0,12,0,0,0,1906,1999,37.77,-122.4167862,POINT (-122.4167862 37.77),32,1,10,20,19,28853,8,2,9
2008-036,Turk & Eddy Apartments,249,Eddy,St,94102,Tenderloin,6,Tenderloin Neighborhood Development Corporation,82,0,80,0,0,77,3,0,0,0,0,0,80,0,0,0,0,0,0,0,80,0,0,0,0,2010,2010,37.78,-122.4117279,POINT (-122.4117279 37.78),32,5,10,34,34,28853,14,2,9
2014-001,534 Natoma,534-536,Natoma,St,94103,South of Market,6,San Francisco Community Land Trust,5,0,5,0,0,0,4,1,0,0,0,5,0,0,0,0,0,0,0,0,0,0,0,5,0,1911,2013,37.7796377,-122.4086441,POINT (-122.4086441 37.7796377),32,1,10,34,34,28853,14,2,9
1990-011,Baker's Dozen,733,Baker,St,94115,Lone Mountain/USF,5,Northern California Land Trust,13,0,0,12,0,0,0,0,0,0,0,0,0,0,0,0,0,0,0,0,12,0,0,0,0,1904,1991,37.78,-122.442131,POINT (-122.44213099999999 37.78),13,7,6,18,16,29490,15,5,1
1999-023,Jelani Family Program,1638,Kirkwood,Ave,94124,Bayview Hunters Point,10,"Jelani, Inc. (Bayview Hunters Point Foundation)",8,12,0,12,0,0,0,0,0,0,0,0,0,0,0,0,0,0,0,0,0,12,0,0,0,1950,2000,37.74,-122.3905716,POINT (-122.3905716 37.74),86,2,9,1,1,58,10,3,8
1991-011,Herald Hotel Apartments,302-308,Eddy,St,94102,Tenderloin,6,"Bristol Equity Capital, Inc.",72,0,29,0,0,0,29,0,0,0,0,29,0,0,0,0,0,0,0,0,0,29,0,0,0,2004,2004,37.78,-122.4129181,POINT (-122.4129181 37.78),32,5,10,34,34,28853,8,2,9
2012-001,Alice Griffith Phase 1 (Block 2),2600,Arelious Walker,Dr,94124,Bayview Hunters Point,10,"McCormack Baron Salazar / Alice Griffith Phase 1, LP",93,0,92,0,0,0,23,50,7,12,0,92,0,0,0,0,0,0,0,0,92,0,0,0,0,2017,2016,37.72,-122.3853168,POINT (-122.38531680000001 37.72),88,2,9,1,1,58,10,3,8
2015-023,Merry Go Round House - Small Sites,2976,23rd,St,94110,Mission,9,San Francisco Community Land Trust,14,0,14,0,14,0,0,0,0,0,0,14,0,0,0,0,0,0,0,0,0,0,14,0,0,1900,2014,37.75,-122.411738,POINT (-122.411738 37.75),53,3,2,20,19,28859,2,4,7
1994-016,Diamond View Apartments,173-204,Addison,St,94131,Glen Park,8,Diamond View Residents' Association,58,0,58,0,0,0,33,25,0,0,0,58,0,0,0,0,0,0,0,0,28,0,15,15,0,1996,1996,37.74,-122.4332504,POINT (-122.4332504 37.74),59,9,5,10,7,63,2,7,5
1987-004,Mendelsohn House,737,Folsom,St,94107,South of Market,6,TODCO Group,189,0,189,0,0,97,91,1,0,0,0,104,85,0,0,0,0,0,0,0,189,0,0,0,0,1988,1988,37.78,-122.3997345,POINT (-122.3997345 37.78),32,1,10,34,34,28856,6,2,9
1981-001,Parkview Hotel,102,South Park,St,94107,Financial District/South Beach,6,Mission Housing Development Corporation,40,0,40,0,36,4,0,0,0,0,0,40,0,0,0,0,0,0,32,0,8,0,0,0,0,1996,1995,37.78,-122.3943405,POINT (-122.3943405 37.78),32,1,10,34,34,28856,6,2,9
1997-015,Positive Match,1652,Eddy,St,94115,Western Addition,5,Bernal Heights Neighborhood Center,7,0,7,0,0,0,1,5,1,0,0,7,0,0,7,0,0,0,0,0,7,0,0,0,0,1911,2002,37.78,-122.4349594,POINT (-122.4349594 37.78),97,4,11,39,41,29490,15,5,11
2000-010,214 Dolores,214,Dolores,St,94114,Castro/Upper Market,8,Baker Places,8,0,8,0,8,0,0,0,0,0,0,8,0,0,0,0,0,0,0,0,8,0,0,0,0,2002,2002,37.77,-122.4270401,POINT (-122.42704009999999 37.77),27,7,5,9,10,28852,7,9,5
1989-013,St. Joseph's Family Shelter,899,Guerrero,St,94110,Mission,8,Catholic Charities,10,20,0,20,0,0,0,0,0,0,0,0,0,0,0,0,0,0,0,0,0,0,20,0,0,1920,1991,37.76,-122.4230652,POINT (-122.4230652 37.76),37,3,5,20,19,28859,2,4,5
1989-007,SafeHouse,0,Confidential,Yes,00000,Confidential,9,San Francisco Network Ministries,0,10,0,10,0,0,0,0,0,0,0,0,0,0,0,0,0,0,10,0,0,0,0,0,0,1990,1990,,,,,,,,,,,,
1998-019,Halibut Court,1432,Halibut,Ct,94130,Treasure Island,6,Swords To Plowshares,24,56,0,56,0,0,0,0,0,0,0,50,6,0,0,0,0,0,0,0,56,0,0,0,0,1982,1999,37.82,-122.3746414,POINT (-122.37464139999999 37.82),36,1,10,,,62,,2,9
2010-023,Gum Moon Residence Hall,0,Confidential,Yes,00000,Confidential,3,Gum Moon,33,30,0,26,0,0,0,0,0,0,0,0,0,0,0,0,0,0,0,0,26,0,0,0,0,1911,2012,,,,,,,,,,,,
1991-007,555 Ellis Street Family Apartments,555,Ellis,St,94109,Tenderloin,6,Asian Neighborhood Design,38,0,37,0,0,9,0,9,19,0,0,37,0,0,0,0,0,0,0,0,0,37,0,0,0,1995,1995,37.78,-122.4154129,POINT (-122.4154129 37.78),21,5,10,36,36,28852,7,10,9
1993-009,Altamont Hotel,3048,16th,St,94103,Mission,9,Mission Housing Development Corporation,89,0,88,0,88,0,0,0,0,0,0,88,0,0,0,0,0,0,0,0,88,0,0,0,0,1909,1997,37.77,-122.4206772,POINT (-122.4206772 37.77),32,3,2,20,19,28853,8,4,7
2007-004,Rene Cazenave Apts (Transbay Block 11A),25,Essex,St,94105,Financial District/South Beach,6,Community Housing Partnership,120,0,120,0,0,108,12,0,0,0,0,120,0,0,120,120,0,0,0,0,120,0,0,0,0,2013,2013,37.79,-122.395134,POINT (-122.39513399999998 37.79),32,1,10,8,6,28855,12,2,9
2002-023,Westbrook Plaza,227-255,7th,St,94103,South of Market,6,Mercy Housing California / Soma Health Center,49,0,48,0,0,0,13,20,15,0,0,48,0,0,0,0,0,0,0,0,48,0,0,0,0,2010,2010,37.78,-122.4084244,POINT (-122.40842440000002 37.78),32,1,10,34,34,28853,14,2,9
2014-002,626 Mission Bay,626,Mission Bay,Blvd North,94158,Mission Bay,6,Tenderloin Neighborhood Development Corporation,143,0,142,0,0,0,53,46,43,0,0,142,0,0,29,0,0,6,23,0,113,0,0,0,0,2018,2018,37.77140196,-122.3917716,POINT (-122.39177160000001 37.77140196),34,1,10,4,20,310,14,3,9
2016-004,344-348 Precita Avenue,344- 348,Precita,Ave,94110,Bernal Heights,9,Mission Economic Development Agency,3,0,3,0,0,1,1,1,0,0,0,3,0,0,0,0,0,0,0,0,0,0,3,0,0,1900,2017,37.75,-122.4126876,POINT (-122.4126876 37.75),53,3,2,20,19,28859,2,4,7
1994-007,Ashbury House,212,Ashbury,St,94117,Lone Mountain/USF,5,Progress Foundation,1,10,0,3,0,0,0,0,0,0,0,0,0,0,0,0,0,0,0,0,3,0,0,0,0,1900,1992,37.77,-122.4471893,POINT (-122.44718930000002 37.77),25,7,11,3,9,29492,15,5,11
2017-006,35 Fair Avenue,29-35,Fair,Ave,94110,Bernal Heights,9,Mission Economic Development Agency,4,0,4,0,0,0,4,0,0,0,0,4,0,0,0,0,0,0,0,0,0,0,4,0,0,1912,2017,37.75,-122.4191911,POINT (-122.41919109999999 37.75),53,3,2,20,19,28859,2,4,7
1990-015,Knox Hotel,241,6th,St,94103,South of Market,6,TODCO Group,140,0,138,0,138,0,0,0,0,0,0,138,0,0,15,0,0,0,0,0,138,0,0,0,0,1994,1994,37.78,-122.4062576,POINT (-122.40625760000002 37.78),32,1,10,34,34,28853,14,2,9
2013-037,Kennedy Towers (JFK Towers),2451,Sacramento,St,94115,Pacific Heights,2,Mercy Housing California,98,0,97,0,0,76,20,1,0,0,0,0,97,0,0,0,97,0,0,0,97,0,0,0,0,1900,2016,37.79,-122.4331945,POINT (-122.43319449999998 37.79),102,4,6,30,27,29490,13,9,1
2001-017,North Beach Place,455,Bay,St,94133,North Beach,3,Bridge Housing,341,0,112,0,0,0,6,69,21,16,0,65,47,0,0,0,0,0,0,0,0,112,0,0,0,2004,2004,37.8,-122.4149933,POINT (-122.4149933 37.8),107,6,3,32,32,308,5,1,10
2002-018,Padre Apartments,241,Jones,St,94102,Tenderloin,6,Mercy Housing California,41,0,40,0,0,0,40,0,0,0,0,40,0,0,0,0,0,0,0,0,40,0,0,0,0,1928,2004,37.78,-122.4128647,POINT (-122.4128647 37.78),32,5,10,34,34,28853,8,2,9
2004-026,Arnett Watson Apartments,650,Eddy,St,94109,Tenderloin,6,Community Housing Partnership,83,0,83,0,0,36,33,14,0,0,0,77,0,6,83,79,0,0,0,0,83,0,0,0,0,2009,2008,37.78,-122.4185638,POINT (-122.41856379999999 37.78),21,4,10,36,36,28852,7,9,9
1992-011,Columbia Park,1035,Folsom,St,94103,South of Market,6,Mercy Housing California,50,0,50,0,0,0,3,12,31,4,0,50,0,0,0,0,0,0,0,0,0,50,0,0,0,1993,1993,37.78,-122.405899,POINT (-122.405899 37.78),32,1,10,34,34,28853,14,2,9
