RECORD_ID,RECORD_TYPE,RECORD_STATUS,CLASS,BLOCK,LOT,MAPBLOCKLOT,PARENT_ID,CHILD_ID,OPEN_DATE,CLOSE_DATE,PROJECT_NAME,PROJECT_ADDRESS,SUPERVISOR_DISTRICT,RELATED_BUILDING_PERMIT,NUMBER_OF_UNITS,NUMBER_OF_MARKET_RATE_UNITS,NUMBER_OF_AFFORDABLE_UNITS,DATE_APPLICATION_SUBMITTED,DATE_ENTITLEMENTS_APPROVED,DATE_PPA_SUBMITTED,DATE_APPLICATION_ACCEPTED,DATE_OF_FINAL_HEARING,DEVELOPER_NAME,DEVELOPER_ORG,ASSIGNED_TO_PLANNER,PLANNER_FIRST_NAME,PLANNER_LAST_NAME,PLANNER_EMAIL,PLANNER_PHONE,DESCRIPTION,DATE_PPA_LETTER_ISSUED,DATE_NIA_ISSUED,DATE_PLAN_CHECK_LETTER_ISSUED,DATE_PROJECT_DESC_STABLE,DATE_OF_FIRST_HEARING,CHANGE_OF_USE,ADDITIONS,NEW_CONSTRUCTION,LEG_ZONE_CHANGE,DEMOLITION,LOT_LINE_ADJUST,FACADE_ALT,ROW_IMPROVE,OTHER_PRJ_DESC,FORMULA_RETAIL,CANNABIS,MEDICAL_CANNABIS_DISPENSARY,MASSAGE,TOBACCO,FINANCIAL,OTHER_NON_RES,OTHER_NON_RES_DESC,SPECIAL_NEEDS,SENIOR,AFFORDABLE_UNITS,STUDENT,INCLUSIONARY,ADU,LEGALIZATION,CHANGE_OF_DWELLING_UNITS,SB35,AB2162,HOUSING_SUSTAINABILITY_DIST,RENTAL_UNITS,OWNERSHIP_UNITS,UNKOWN_UNITS,SB330,PRELIMINARY_HOUSING_APP_DATE,HOMESF,STATE_DENSITY_BONUS_ANALYZED,STATE_DENSITY_BONUS_INDIVIDUAL,BASE_DENSITY,BONUS_DENSITY,INCLUSIONARY_PERCENT,REAR_YARD,EXPOSURE,OFF_STREET_LOADING,PARKING,OPEN_SPACE,HEIGHT_LIMIT,OTHER_MODIFICATION,OTHER_MODIFICATION_DESC,AHBP_100_PERCENT_AFFORDABLE,ENVIRONMENTAL_REVIEW_TYPE,RESIDENTIAL_EXIST,PARKING_SPACES_EXIST,CAR_SHARE_SPACES_EXIST,PARKING_GSF_EXIST,RETAIL_COMMERCIAL_EXIST,OFFICE_EXIST,INDUSTRIAL_PDR_EXIST,MEDICAL_EXIST,VISITOR_EXIST,CIE_EXIST,RESIDENTIAL_PROP,PARKING_SPACES_PROP,CAR_SHARE_SPACES_PROP,PARKING_GSF_PROP,RETAIL_COMMERCIAL_PROP,OFFICE_PROP,INDUSTRIAL_PDR_PROP,MEDICAL_PROP,VISITOR_PROP,CIE_PROP,RESIDENTIAL_STUDIO_EXIST,RESIDENTIAL_1BR_EXIST,RESIDENTIAL_2BR_EXIST,RESIDENTIAL_3BR_EXIST,RESIDENTIAL_ADU_STUDIO_EXIST,RESIDENTIAL_ADU_1BR_EXIST,RESIDENTIAL_ADU_2BR_EXIST,RESIDENTIAL_ADU_3BR_EXIST,RESIDENTIAL_GH_ROOMS_EXIST,RESIDENTIAL_GH_BEDS_EXIST,RESIDENTIAL_SRO_EXIST,RESIDENTIAL_MICRO_EXIST,RESIDENTIAL_STUDIO_PROP,RESIDENTIAL_1BR_PROP,RESIDENTIAL_2BR_PROP,RESIDENTIAL_3BR_PROP,RESIDENTIAL_ADU_STUDIO_PROP,RESIDENTIAL_ADU_1BR_PROP,RESIDENTIAL_ADU_2BR_PROP,RESIDENTIAL_ADU_3BR_PROP,RESIDENTIAL_GH_ROOMS_PROP,RESIDENTIAL_GH_BEDS_PROP,RESIDENTIAL_SRO_PROP,RESIDENTIAL_MICRO_PROP
09-053,APL,Closed - Appeal Denied,,3767,305,3767305,2007.1121,,2009-05-29 00:00:00,2009-09-09 00:00:00,430 Main St,,,,0,0,0,,,,,,,,Ben Fu,Ben,Fu,BEN.FU@SFGOV.ORG,415-558-6613,,,,,,,,,,,,,,,,,,,,,,,,,,,,,,,,,,,,,,,,,,,,,,,,,,,,,,,,,,,,,,,,,,,,,,,,,,,,,,,,,,,,,,,,,,,,,,,,,,,
10606PRV,PRV,Closed - Informational,,3767,305,3767305,,,2012-08-10 09:41:09,2012-08-14 00:00:00,429 Beale Street (3767/305); Project Review Meeting to add one residential dwelling unit or duplex to the existing structure.  App,"429 - 0 BEALE ST, SAN FRANCISCO, CA 94105",,,0,0,0,,,,,,"Zupsic, Christopher",Portland-Pacific Main LLC,Ben Fu,Ben,Fu,BEN.FU@SFGOV.ORG,415-558-6613,429 Beale Street (3767/305); Project Review Meeting to add one residential dwelling unit or duplex to the existing structure.  Applicant is requesting attendance of Ben Fu.,,,,,,,,,,,,,,,,,,,,,,,,,,,,,,,,,,,,,,,,,,,,,,,,,,,,,,,,,,,,,,,,,,,,,,,,,,,,,,,,,,,,,,,,,,,,,,,,,,
11460_ENF,ENF,Closed - Abated,,1424,026,1424026,,,2011-10-13 00:00:00,2011-11-18 00:00:00,248 10TH AV,,,,0,0,0,,,,,,,,Rachna Rachna,Rachna,Rachna,Rachna.Rachna@sfgov.org,415-575-6806,"demolition of a victorian house and converting it into a 3-unit apartment building without authorization - listed for sale with a real estate broker as an apartment building; removal of parking; demolition of historic building, constructed prior to 1900; no notification to neighbors or hearing",,,,,,,,,,,,,,,,,,,,,,,,,,,,,,,,,,,,,,,,,,,,,,,,,,,,,,,,,,,,,,,,,,,,,,,,,,,,,,,,,,,,,,,,,,,,,,,,,,
11821_ENF,ENF,Closed - Abated,,1635,021,1635021,,,2012-07-23 00:00:00,2013-03-27 00:00:00,678 10TH AV,,,,0,0,0,,,,,,,,Rachna Rachna,Rachna,Rachna,Rachna.Rachna@sfgov.org,415-575-6806,"operating a residential Adult Care center, unclear if it is licensed and with permits, not ADA accessible",,,,,,,,,,,,,,,,,,,,,,,,,,,,,,,,,,,,,,,,,,,,,,,,,,,,,,,,,,,,,,,,,,,,,,,,,,,,,,,,,,,,,,,,,,,,,,,,,,
1986.146,PRJ,Closed,,1764,031,1764031,,"1986.146C, 1986.146E",1986-03-17 00:00:00,,1338 10th Ave,"1348 - 0 10TH AV, SAN FRANCISCO, CA 94122",,,0,0,0,,,,1986-03-17 00:00:00,,,,,,,,,Expansion of a school involving loss of one dwelling unit in an RH-2 district,,,,,,,,,,,,,,,,,,,,,,,,,,,,,,,,,,,,,,,,,,,,,,,,,,,,,,,,,,,,,,,,,,,,,,,,,,,,,,,,,,,,,,,,,,,,,,,,,,
1986.146C,CUA,Closed - Approved,,1764,031,1764031,1986.146,,1986-03-17 00:00:00,1986-06-12 00:00:00,1338 10th Ave,"1348 - 0 10TH AV, SAN FRANCISCO, CA 94122",,,0,0,0,,,,,,,,,,,,,Expansion of a school involving loss of one dwelling unit in an RH-2 district,,,,,,,,,,,,,,,,,,,,,,,,,,,,,,,,,,,,,,,,,,,,,,,,,,,,,,,,,,,,,,,,,,,,,,,,,,,,,,,,,,,,,,,,,,,,,,,,,,
1986.146E,ENV,Closed,,1764,031,1764031,1986.146,,1986-03-17 00:00:00,2003-04-24 17:28:59,1338 10th Ave,"1348 - 0 10TH AV, SAN FRANCISCO, CA 94122",,,0,0,0,,,,,,,,,,,,,Expansion of a school involving loss of one dwelling unit in an RH-2 district,,,,,,,,,,,,,,,,,,,,,,,,,,,,,,,,,,,,,,,,,,,,,,,,,,,,,,,,,,,,,,,,,,,,,,,,,,,,,,,,,,,,,,,,,,,,,,,,,,
1990.858,PRJ,Closed,,3767,005,3767005,,1990.858S,1990-12-21 00:00:00,,430 Main St+,"429 - 0 BEALE ST, SAN FRANCISCO, CA 94105",,,0,0,0,,,,,,,,,,,,,lot line adjustment to merge two units into one unit.,,,,,,,,,,,,,,,,,,,,,,,,,,,,,,,,,,,,,,,,,,,,,,,,,,,,,,,,,,,,,,,,,,,,,,,,,,,,,,,,,,,,,,,,,,,,,,,,,,
1990.858S,SUB,Closed - Approved,,3767,005,3767005,1990.858,,1990-12-21 00:00:00,1991-01-14 00:00:00,430 Main St+,"429 - 0 BEALE ST, SAN FRANCISCO, CA 94105",,,0,0,0,,,,,,,,,,,,,lot line adjustment to merge two units into one unit.,,,,,,,,,,,,,,,,,,,,,,,,,,,,,,,,,,,,,,,,,,,,,,,,,,,,,,,,,,,,,,,,,,,,,,,,,,,,,,,,,,,,,,,,,,,,,,,,,,
1997.115,PRJ,Closed,,2208,006,2208006,,1997.115E,1997-02-20 00:00:00,,2150 AND 2168 10th AV,"2150 - 0 10TH AV, SAN FRANCISCO, CA 94116",,,0,0,0,,,,1997-02-20 00:00:00,,,,,,,,,Merge Lots 12 and 13.,,,,,,,,,,,,,,,,,,,,,,,,,,,,,,,,,,,,,,,,,,,,,,,,,,,,,,,,,,,,,,,,,,,,,,,,,,,,,,,,,,,,,,,,,,,,,,,,,,
1997.115E,ENV,Closed - CEQA Clearance Issued,,2208,006,2208006,1997.115,,1997-02-20 00:00:00,1997-04-03 00:00:00,2150 AND 2168 10th AV,"2150 - 0 10TH AV, SAN FRANCISCO, CA 94116",,,0,0,0,,,,,,"Bierman, Sue",Board of Supervisors,,,,,,Merge Lots 12 and 13.,,,,,,,,,,,,,,,,,,,,,,,,,,,,,,,,,,,,,,,,,,,,,,,,,,,,,,,,,,,,,,,,,,,,,,,,,,,,,,,,,,,,,,,,,,,,,,,,,,
1998.176,PRJ,Closed,,1635,026,1635026,,1998.176Q,1998-03-17 00:00:00,,658 10TH AV,"658 - 0 10TH AV, SAN FRANCISCO, CA 94118",,,0,0,0,,,,,,,,,,,,,Convert 2 units into condominiums,,,,,,,,,,,,,,,,,,,,,,,,,,,,,,,,,,,,,,,,,,,,,,,,,,,,,,,,,,,,,,,,,,,,,,,,,,,,,,,,,,,,,,,,,,,,,,,,,,
1998.176Q,CND,Closed - Approved,,1635,026,1635026,1998.176,,1998-03-17 00:00:00,1998-04-15 00:00:00,658 10TH AV,"658 - 0 10TH AV, SAN FRANCISCO, CA 94118",,,0,0,0,,,,,,,,,,,,,Convert 2 units into condominiums,,,,,,,,,,,,,,,,,,,,,,,,,,,,,,,,,,,,,,,,,,,,,,,,,,,,,,,,,,,,,,,,,,,,,,,,,,,,,,,,,,,,,,,,,,,,,,,,,,
2000.351,PRJ,Closed,,3554,005,3554005,,2000.351R,2000-04-10 00:00:00,,1950 Mission,,,,0,0,0,,,,,,,,,,,,,Quitclaim to S.F.U.S.D.  Who in turn plans to sell the property.,,,,,,,,,,,,,,,,,,,,,,,,,,,,,,,,,,,,,,,,,,,,,,,,,,,,,,,,,,,,,,,,,,,,,,,,,,,,,,,,,,,,,,,,,,,,,,,,,,
2000.351R,GPR,Closed,,3554,005,3554005,2000.351,,2000-04-10 00:00:00,2001-04-25 00:00:00,1950 Mission,,,,0,0,0,,,,,,"Ritter, Larry",Real Estate Division,,,,,,Quitclaim to S.F.U.S.D.  Who in turn plans to sell the property.,,,,,,,,,,,,,,,,,,,,,,,,,,,,,,,,,,,,,,,,,,,,,,,,,,,,,,,,,,,,,,,,,,,,,,,,,,,,,,,,,,,,,,,,,,,,,,,,,,
2000.576,PRJ,Closed,,1441,035,1441035,,2000.576C,2000-06-05 00:00:00,,"389-9th Avenue (aka, 378 10TH AV)","389 - 0 09TH AV, SAN FRANCISCO, CA 94118",,,0,0,0,,,,2000-06-05 00:00:00,,,,,,,,,"Installation of a WTS facility, with up to 16 antennas.",,,,,,,,,,,,,,,,,,,,,,,,,,,,,,,,,,,,,,,,,,,,,,,,,,,,,,,,,,,,,,,,,,,,,,,,,,,,,,,,,,,,,,,,,,,,,,,,,,
2000.576C,CUA,Closed - Approved,,1441,035,1441035,2000.576,,2000-06-05 00:00:00,2000-07-20 00:00:00,"389-9th Avenue (aka, 378 10TH AV)","389 - 0 09TH AV, SAN FRANCISCO, CA 94118",,,0,0,0,,,,,,"Mariano, Renee",Whalen & Company,,,,,,"Installation of a WTS facility, with up to 16 antennas.",,,,,,,,,,,,,,,,,,,,,,,,,,,,,,,,,,,,,,,,,,,,,,,,,,,,,,,,,,,,,,,,,,,,,,,,,,,,,,,,,,,,,,,,,,,,,,,,,,
2002.0430,PRJ,Closed,,1441,035,1441035,,2002.0430C,2002-04-23 00:00:00,,378 10TH AV,"389 - 0 09TH AV, SAN FRANCISCO, CA 94118",,,0,0,0,,,,2002-04-23 00:00:00,,,,,,,,,Installation of WTS facility with 12 Antenna on roof,,,,,,,,,,,,,,,,,,,,,,,,,,,,,,,,,,,,,,,,,,,,,,,,,,,,,,,,,,,,,,,,,,,,,,,,,,,,,,,,,,,,,,,,,,,,,,,,,,
2002.0430C,CUA,Closed - Approved,,1441,035,1441035,2002.0430,,2002-04-23 00:00:00,2003-07-17 00:00:00,378 10TH AV,"389 - 0 09TH AV, SAN FRANCISCO, CA 94118",,,0,0,0,,,,,,"Karavolias, John",AT &T Wireless,Jonas Ionin,Jonas,Ionin,jonas.ionin@sfgov.org,415-558-6309,Installation of WTS facility with 12 Antenna on roof,,,,,,,,,,,,,,,,,,,,,,,,,,,,,,,,,,,,,,,,,,,,,,,,,,,,,,,,,,,,,,,,,,,,,,,,,,,,,,,,,,,,,,,,,,,,,,,,,,
2002.0809,PRJ,Closed,,3546,002,3546002,,"2002.0809C, 2002.0809E, 2002.0809F, 2002.0809K",2002-07-17 00:00:00,,340-370 VALENCIA ST,"340 - 370 VALENCIA ST, SAN FRANCISCO, CA",,,247,0,247,,,,2002-07-17 00:00:00,,,,,,,,,"03/06/2003 Shadow Study Prop. K 

The proposed project would demolish the 22 three-story buildings and construct 17 three story affordable housing structures containing a total of 247 units, plus community space and child care designed as a PUD with exceptions from parking and loading requirements.",,,,,,,,,,,,,,,,,,,,,,,,,,,,,,,,,,,,,,,,,,,,,,,,,,,,,,,145300,,,,4600,,,,,2000,245700,,,,8000,,,,,3200,,,,,,,,,,,,,,,,,,,,,,,,
2002.0809C,CUA,Closed - Approved,,3546,002,3546002,2002.0809,,2002-12-05 00:00:00,2003-06-26 00:00:00,340-370 VALENCIA ST,"340 - 370 VALENCIA ST, SAN FRANCISCO, CA",,,0,0,0,,,,,,"Pagan, Lisa",Mission Housing Development Corpor,Jonathan Purvis,Jonathan,Purvis,jonathan.purvis@sfgov.org,415-558-6354,"03/06/2003 Shadow Study Prop. K 

The proposed project would demolish the 22 three-story buildings and construct 17 three story affordable housing structures containing a total of 247 units, plus community space and child care designed as a PUD with exceptions from parking and loading requirements.",,,,,,,,,,,,,,,,,,,,,,,,,,,,,,,,,,,,,,,,,,,,,,,,,,,,,,,,,,,,,,,,,,,,,,,,,,,,,,,,,,,,,,,,,,,,,,,,,,
2002.0809E,ENV,Closed - CEQA Clearance Issued,,3546,002,3546002,2002.0809,,2002-07-17 00:00:00,2002-09-20 00:00:00,340-370 VALENCIA ST,"340 - 370 VALENCIA ST, SAN FRANCISCO, CA",,,0,0,0,,,,,,"Messa, Gina",EIP Associates,,,,,,"03/06/2003 Shadow Study Prop. K 

The proposed project would demolish the 22 three-story buildings and construct 17 three story affordable housing structures containing a total of 247 units, plus community space and child care designed as a PUD with exceptions from parking and loading requirements.",,,,,,,,,,,,,,,,,,,,,,,,,,,,,,,,,,,,,,,,,,,,,,,,,,,,,,Initial Study-Negative Declaration,,,,,,,,,,,,,,,,,,,,,,,,,,,,,,,,,,,,,,,,,,,,
2002.0809F,FED,Closed - Approved,,3546,002,3546002,2002.0809,,2003-01-23 00:00:00,2003-04-16 00:00:00,340-370 VALENCIA ST,"340 - 370 VALENCIA ST, SAN FRANCISCO, CA",,,0,0,0,,,,,,,,Moses Corrette,Moses,Corrette,moses.corrette@sfgov.org,415-558-6295,"03/06/2003 Shadow Study Prop. K 

The proposed project would demolish the 22 three-story buildings and construct 17 three story affordable housing structures containing a total of 247 units, plus community space and child care designed as a PUD with exceptions from parking and loading requirements.",,,,,,,,,,,,,,,,,,,,,,,,,,,,,,,,,,,,,,,,,,,,,,,,,,,,,,,,,,,,,,,,,,,,,,,,,,,,,,,,,,,,,,,,,,,,,,,,,,
2002.0809K,SHD,Closed,,3546,002,3546002,2002.0809,,2003-03-06 00:00:00,2003-03-17 00:00:00,340-370 VALENCIA ST,"340 - 370 VALENCIA ST, SAN FRANCISCO, CA",,,0,0,0,,,,,,"Romero, Carlos",Mission Housing Development Corp.,Ben Fu,Ben,Fu,BEN.FU@SFGOV.ORG,415-558-6613,"03/06/2003 Shadow Study Prop. K 

The proposed project would demolish the 22 three-story buildings and construct 17 three story affordable housing structures containing a total of 247 units, plus community space and child care designed as a PUD with exceptions from parking and loading requirements.",,,,,,,,,,,,,,,,,,,,,,,,,,,,,,,,,,,,,,,,,,,,,,,,,,,,,,,,,,,,,,,,,,,,,,,,,,,,,,,,,,,,,,,,,,,,,,,,,,
2003.0784,PRJ,Closed,,1764,031,1764031,,2003.0784S,2003-07-02 00:00:00,,1338 10TH AV,"1348 - 0 10TH AV, SAN FRANCISCO, CA 94122",,,0,0,0,,,,,,,,,,,,,LOT LINE ADJUSTMENT,,,,,,,,,,,,,,,,,,,,,,,,,,,,,,,,,,,,,,,,,,,,,,,,,,,,,,,,,,,,,,,,,,,,,,,,,,,,,,,,,,,,,,,,,,,,,,,,,,
2003.0784S,SUB,Closed,,1764,031,1764031,2003.0784,,2003-07-02 00:00:00,2006-11-14 00:00:00,1338 10TH AV,"1348 - 0 10TH AV, SAN FRANCISCO, CA 94122",,,0,0,0,,,,,,"SEHER, FREDERICK",,,,,,,LOT LINE ADJUSTMENT,,,,,,,,,,,,,,,,,,,,,,,,,,,,,,,,,,,,,,,,,,,,,,,,,,,,,,,,,,,,,,,,,,,,,,,,,,,,,,,,,,,,,,,,,,,,,,,,,,
2003.1310,PRJ,Closed,,1844,037,1844037,,2003.1310Q,2003-12-16 00:00:00,,1438 10TH AV,"1438 - 0 10TH AV, SAN FRANCISCO, CA 94122",,,0,0,0,,,,,,,,,,,,,2 UNIT CONDO CONVERSION,,,,,,,,,,,,,,,,,,,,,,,,,,,,,,,,,,,,,,,,,,,,,,,,,,,,,,,,,,,,,,,,,,,,,,,,,,,,,,,,,,,,,,,,,,,,,,,,,,
2003.1310Q,CND,Closed,,1844,037,1844037,2003.1310,,2003-12-16 00:00:00,2003-12-29 00:00:00,1438 10TH AV,"1438 - 0 10TH AV, SAN FRANCISCO, CA 94122",,,0,0,0,,,,,,"BERLESE, MARGARET J.",HERZIG & BERLESE,,,,,,2 UNIT CONDO CONVERSION,,,,,,,,,,,,,,,,,,,,,,,,,,,,,,,,,,,,,,,,,,,,,,,,,,,,,,,,,,,,,,,,,,,,,,,,,,,,,,,,,,,,,,,,,,,,,,,,,,
2004.0049,PRJ,Closed,,1764,031,1764031,,"2004.0049A, 2004.0049C, 2004.0049E, 2004.0049V",2004-01-13 00:00:00,,1348 10TH AV,"1348 - 0 10TH AV, SAN FRANCISCO, CA 94122",,,0,0,0,,,,2004-01-13 00:00:00,,,,,,,,,The project proposes to demolish the structure (used for school) located at 1338 10th Avenue and to construct a new structure at the site for use by the existing elementary school. CU Authorization is requested for an increase in the elementary school use per Section 209.3(g) in the RH-2 District. A rear yard Variance is sought for new construction of the structure within the req rear yard.  A Certificate of Appropriateness is sought to renovate and repair Landmark No. 29 (The Old Firehouse).,,,,,,,,,,,,,,,,,,,,,,,,,,,,,,,,,,,,,,,,,,,,,,,,,,,,,,,,,,,,,,,,0,,,,,,,,,,11900,,,,,,,,,,,,,,,,,,,,,,,,
2004.0049A,COA,Closed - Approved,,1764,031,1764031,2004.0049,,2004-01-13 00:00:00,2005-01-20 00:00:00,1348 10TH AV,"1348 - 0 10TH AV, SAN FRANCISCO, CA 94122",,,0,0,0,,,,,,"Cincotta, David","Jeffer, Mangels, Butler & Marmaro",,,,,,The project proposes to demolish the structure (used for school) located at 1338 10th Avenue and to construct a new structure at the site for use by the existing elementary school. CU Authorization is requested for an increase in the elementary school use per Section 209.3(g) in the RH-2 District. A rear yard Variance is sought for new construction of the structure within the req rear yard.  A Certificate of Appropriateness is sought to renovate and repair Landmark No. 29 (The Old Firehouse).,,,,,,,,,,,,,,,,,,,,,,,,,,,,,,,,,,,,,,,,,,,,,,,,,,,,,,,,,,,,,,,,,,,,,,,,,,,,,,,,,,,,,,,,,,,,,,,,,,
2004.0049C,CUA,Closed - Approved,,1764,031,1764031,2004.0049,,2004-01-13 00:00:00,2005-01-27 00:00:00,1348 10TH AV,"1348 - 0 10TH AV, SAN FRANCISCO, CA 94122",,,0,0,0,,,,,,"Cincotta, David","Jeffer, Mangels, Butler & Marmaro",,,,,,The project proposes to demolish the structure (used for school) located at 1338 10th Avenue and to construct a new structure at the site for use by the existing elementary school. CU Authorization is requested for an increase in the elementary school use per Section 209.3(g) in the RH-2 District. A rear yard Variance is sought for new construction of the structure within the req rear yard.  A Certificate of Appropriateness is sought to renovate and repair Landmark No. 29 (The Old Firehouse).,,,,,,,,,,,,,,,,,,,,,,,,,,,,,,,,,,,,,,,,,,,,,,,,,,,,,,,,,,,,,,,,,,,,,,,,,,,,,,,,,,,,,,,,,,,,,,,,,,
2004.0049E,ENV,Closed - CEQA Clearance Issued,,1764,031,1764031,2004.0049,,2004-04-19 00:00:00,2004-11-22 00:00:00,1348 10TH AV,"1348 - 0 10TH AV, SAN FRANCISCO, CA 94122",,,0,0,0,,,,,,"Cincotta, David","Jeffer, Mangels, Butler & Marmaro",Nannie Turrell,Nannie,Turrell,NANNIE.TURRELL@SFGOV.ORG,415-575-9047,The project proposes to demolish the structure (used for school) located at 1338 10th Avenue and to construct a new structure at the site for use by the existing elementary school. CU Authorization is requested for an increase in the elementary school use per Section 209.3(g) in the RH-2 District. A rear yard Variance is sought for new construction of the structure within the req rear yard.  A Certificate of Appropriateness is sought to renovate and repair Landmark No. 29 (The Old Firehouse).,,,,,,,,,,,,,,,,,,,,,,,,,,,,,,,,,,,,,,,,,,,,,,,,,,,,,,,,,,,,,,,,,,,,,,,,,,,,,,,,,,,,,,,,,,,,,,,,,,
2004.0049V,VAR,Closed - Approved,,1764,031,1764031,2004.0049,,2004-01-13 00:00:00,2005-02-11 00:00:00,1348 10TH AV,"1348 - 0 10TH AV, SAN FRANCISCO, CA 94122",,,0,0,0,,,,,,"Cincotta, David","Jeffer, Mangels, Butler & Marmaro",,,,,,The project proposes to demolish the structure (used for school) located at 1338 10th Avenue and to construct a new structure at the site for use by the existing elementary school. CU Authorization is requested for an increase in the elementary school use per Section 209.3(g) in the RH-2 District. A rear yard Variance is sought for new construction of the structure within the req rear yard.  A Certificate of Appropriateness is sought to renovate and repair Landmark No. 29 (The Old Firehouse).,,,,,,,,,,,,,,,,,,,,,,,,,,,,,,,,,,,,,,,,,,,,,,,,,,,,,,,,,,,,,,,,,,,,,,,,,,,,,,,,,,,,,,,,,,,,,,,,,,
2004.0661,PRJ,Closed,,2046,025,2046025,,2004.0661D,2004-07-14 00:00:00,,1868 10TH AV,"1868 - 0 10TH AV, SAN FRANCISCO, CA 94122",,200403118379,0,0,0,,,,,,,,,,,,,The proposal is to expand the all three floors of the existing single family dwelling towards the rear of the subject property per the enclosed plans. There will be a partial three-foot set backs  along each side property line.,,,,,,,,,,,,,,,,,,,,,,,,,,,,,,,,,,,,,,,,,,,,,,,,,,,,,,,,,,,,,,,,,,,,,,,,,,,,,,,,,,,,,,,,,,,,,,,,,,
2004.0661D,DRP,Closed,,2046,025,2046025,2004.0661,,2004-07-14 00:00:00,2005-03-16 00:00:00,1868 10TH AV,"1868 - 0 10TH AV, SAN FRANCISCO, CA 94122",,,0,0,0,,,,,,"Taylor, Caroline",,Sara Vellve,Sara,Vellve,sara.vellve@sfgov.org,415-558-6263,The proposal is to expand the all three floors of the existing single family dwelling towards the rear of the subject property per the enclosed plans. There will be a partial three-foot set backs  along each side property line.,,,,,,,,,,,,,,,,,,,,,,,,,,,,,,,,,,,,,,,,,,,,,,,,,,,,,,,,,,,,,,,,,,,,,,,,,,,,,,,,,,,,,,,,,,,,,,,,,,
2007.0023,PRJ,Closed,,1441,035,1441035,,2007.0023C,2007-01-04 00:00:00,,378 10TH AV,"389 - 0 09TH AV, SAN FRANCISCO, CA 94118",,,0,0,0,,,,2007-01-04 00:00:00,,,,,,,,,WTS installation of approximately six panel antennas and associated cabinets.,,,,,,,,,,,,,,,,,,,,,,,,,,,,,,,,,,,,,,,,,,,,,,,,,,,,,,,,,,,,,,,,,,,,,,,,,,,,,,,,,,,,,,,,,,,,,,,,,,
2007.0023C,CUA,Closed - Withdrawn,,1441,035,1441035,2007.0023,,2007-01-04 00:00:00,2007-08-02 00:00:00,378 10TH AV,"389 - 0 09TH AV, SAN FRANCISCO, CA 94118",,,0,0,0,,,,,,"Pepper, Kelly",Town Consulting,Jonas Ionin,Jonas,Ionin,jonas.ionin@sfgov.org,415-558-6309,WTS installation of approximately six panel antennas and associated cabinets.,,,,,,,,,,,,,,,,,,,,,,,,,,,,,,,,,,,,,,,,,,,,,,,,,,,,,,,,,,,,,,,,,,,,,,,,,,,,,,,,,,,,,,,,,,,,,,,,,,
2007.0530,PRJ,Closed,,1934,023,1934023,,2007.0530D,2007-06-04 00:00:00,2016-05-09 09:24:38,1698 10TH AV,"1698 - 0 10TH AV, SAN FRANCISCO, CA 94122",,200612018971,0,0,0,,,,,,,,,,,,,"The proposal is to construct a horizontal addition to northern side of the subject dwelling in order to incorporate a second dwelling unit and a second parking space in Zoning District RH-2. The addition is two stories and approximately 420 square feet on each floor. The proposal conforms to the requirements of the RH-2 (Residential, House, Two-Family) District.",,,,,,,,,,,,,,,,,,,,,,,,,,,,,,,,,,,,,,,,,,,,,,,,,,,,,,,,,,,,,,,,,,,,,,,,,,,,,,,,,,,,,,,,,,,,,,,,,,
2007.0530D,DRP,Closed,,1934,023,1934023,2007.0530,,2007-06-04 00:00:00,2016-05-09 09:24:38,1698 10TH AV,"1698 - 0 10TH AV, SAN FRANCISCO, CA 94122",,,0,0,0,,,,,,"Hom, Albert",,Kate Conner,Kate,Conner,kate.conner@sfgov.org,415-575-6914,"The proposal is to construct a horizontal addition to northern side of the subject dwelling in order to incorporate a second dwelling unit and a second parking space in Zoning District RH-2. The addition is two stories and approximately 420 square feet on each floor. The proposal conforms to the requirements of the RH-2 (Residential, House, Two-Family) District.",,,,,,,,,,,,,,,,,,,,,,,,,,,,,,,,,,,,,,,,,,,,,,,,,,,,,,,,,,,,,,,,,,,,,,,,,,,,,,,,,,,,,,,,,,,,,,,,,,
2007.1121,PRJ,Closed,,3767,305,3767305,,"09-053, 2007.1121E, 2007.1121E_3, 2007.1121E_5, 2007.1121E_7, 2007.1121K, 2007.1121V, 2007.1121X, V09-055",2007-09-27 00:00:00,2016-05-09 09:24:37,429 BEALE ST,"429 - 0 BEALE ST, SAN FRANCISCO, CA 94105",,,0,0,0,,,,2007-09-27 00:00:00,,,,,,,,,"Demolition of existing structures, construction of a new 8 story 84 foot building with 113 dwelling units and 57 parking spaces",,,,,,,,,,,,,,,,,,,,,,,,,,,,,,,,,,,,,,,,,,,,,,,,,,,,,,,0,,0,,,,35600,,,,145650,,2,,,,0,,,,,,,,,,,,,,,,,,,,,,,,,,,
2007.1121E,ENV,Closed - CEQA Clearance Issued,,3767,305,3767305,2007.1121,"2007.1121ETR, 2007.1121E_7",2007-10-24 00:00:00,2009-02-23 00:00:00,429 BEALE ST,"429 - 0 BEALE ST, SAN FRANCISCO, CA 94105",,,0,0,0,,,,,,"Tunny, Tommy",Reuben & Junius,Rick Cooper,Rick,Cooper,rick.cooper@sfgov.org,415-575-9027,"Demolition of existing structures, construction of a new 8 story 84 foot building with 113 dwelling units and 57 parking spaces",,,,,,,,,,,,,,,,,,,,,,,,,,,,,,,,,,,,,,,,,,,,,,,,,,,,,,Community Plan-Exemption/Exclusion,,,,,,,,,,,,,,,,,,,,,,,,,,,,,,,,,,,,,,,,,,,,
2007.1121ETR,Transportation Study-ETR,Closed - Informational,,3767,305,3767305,2007.1121E,,2008-03-11 00:00:00,2015-09-08 00:00:00,429 BEALE ST,"429 - 0 BEALE ST, SAN FRANCISCO, CA 94105",,,0,0,0,,,,,,"Tunny, Tommy",Reuben & Junius,,,,,,,,,,,,,,,,,,,,,,,,,,,,,,,,,,,,,,,,,,,,,,,,,,,,,,,,,,,,,,,,,,,,,,,,,,,,,,,,,,,,,,,,,,,,,,,,,,,,,,,,
2007.1121E_3,ENV,Closed,,3767,305,3767305,2007.1121,,2009-06-01 00:00:00,2015-04-03 00:00:00,429 BEALE ST,"429 - 0 BEALE ST, SAN FRANCISCO, CA 94105",,,0,0,0,,,,,,"Tunny, Tommy",Reuben & Junius,Rick Cooper,Rick,Cooper,rick.cooper@sfgov.org,415-575-9027,"Demolition of existing structures, construction of a new 8 story 84 foot building with 113 dwelling units and 57 parking spaces",,,,,,,,,,,,,,,,,,,,,,,,,,,,,,,,,,,,,,,,,,,,,,,,,,,,,,,,,,,,,,,,,,,,,,,,,,,,,,,,,,,,,,,,,,,,,,,,,,
2007.1121E_5,ENV,Closed,,3767,305,3767305,2007.1121,,2009-06-02 00:00:00,2009-06-02 11:33:42,429 BEALE ST,"429 - 0 BEALE ST, SAN FRANCISCO, CA 94105",,,0,0,0,,,,,,"Tunny, Tommy",Reuben & Junius,Rick Cooper,Rick,Cooper,rick.cooper@sfgov.org,415-575-9027,"Demolition of existing structures, construction of a new 8 story 84 foot building with 113 dwelling units and 57 parking spaces",,,,,,,,,,,,,,,,,,,,,,,,,,,,,,,,,,,,,,,,,,,,,,,,,,,,,,Community Plan-Determination,,,,,,,,,,,,,,,,,,,,,,,,,,,,,,,,,,,,,,,,,,,,
2007.1121E_7,ENV,Closed,,3767,305,3767305,2007.1121,,2009-09-16 00:00:00,2009-09-16 00:00:00,429 BEALE ST,"429 - 0 BEALE ST, SAN FRANCISCO, CA 94105",,,0,0,0,,,,,,"Ince, Dan",,,,,,,"Demolition of existing structures, construction of a new 8 story 84 foot building with 113 dwelling units and 57 parking spaces",,,,,,,,,,,,,,,,,,,,,,,,,,,,,,,,,,,,,,,,,,,,,,,,,,,,,,,,,,,,,,,,,,,,,,,,,,,,,,,,,,,,,,,,,,,,,,,,,,
2007.1121K,SHD,Closed - Approved,,3767,305,3767305,2007.1121,,2007-09-27 00:00:00,2009-02-12 00:00:00,429 BEALE ST,"429 - 0 BEALE ST, SAN FRANCISCO, CA 94105",,,0,0,0,,,,,,"Doyle, Jason",MacFarlane Partners,Ben Fu,Ben,Fu,BEN.FU@SFGOV.ORG,415-558-6613,"Demolition of existing structures, construction of a new 8 story 84 foot building with 113 dwelling units and 57 parking spaces",,,,,,,,,,,,,,,,,,,,,,,,,,,,,,,,,,,,,,,,,,,,,,,,,,,,,,,,,,,,,,,,,,,,,,,,,,,,,,,,,,,,,,,,,,,,,,,,,,
2007.1121V,VAR,Closed - Approved,,3767,305,3767305,2007.1121,,2009-02-27 00:00:00,2009-05-26 00:00:00,429 BEALE ST,"429 - 0 BEALE ST, SAN FRANCISCO, CA 94105",,,0,0,0,,,,,,"Tunny, Tommy",Reuben & Junius,Ben Fu,Ben,Fu,BEN.FU@SFGOV.ORG,415-558-6613,"Demolition of existing structures, construction of a new 8 story 84 foot building with 113 dwelling units and 57 parking spaces",,,,,,,,,,,,,,,,,,,,,,,,,,,,,,,,,,,,,,,,,,,,,,,,,,,,,,,,,,,,,,,,,,,,,,,,,,,,,,,,,,,,,,,,,,,,,,,,,,
2007.1121X,DNX,Closed - Approved,,3767,305,3767305,2007.1121,,2007-09-27 00:00:00,2009-05-14 00:00:00,429 BEALE ST,"429 - 0 BEALE ST, SAN FRANCISCO, CA 94105",,,0,0,0,,,,,,"Doyle, Jason",MacFarlane Partners,Ben Fu,Ben,Fu,BEN.FU@SFGOV.ORG,415-558-6613,"Demolition of existing structures, construction of a new 8 story 84 foot building with 113 dwelling units and 57 parking spaces",,,,,,,,,,,,,,,,,,,,,,,,,,,,,,,,,,,,,,,,,,,,,,,,,,,,,,,,,,,,,,,,,,,,,,,,,,,,,,,,,,,,,,,,,,,,,,,,,,
2008.1021,PRJ,Closed,,0636,034,0636034,,2008.1021S,2008-08-07 00:00:00,,2435 - 2451 SACRAMENTO ST,,,,0,0,0,,,,,,,,,,,,,2 lot subdivisions,,,,,,,,,,,,,,,,,,,,,,,,,,,,,,,,,,,,,,,,,,,,,,,,,,,,,,,,,,,,,,,,,,,,,,,,,,,,,,,,,,,,,,,,,,,,,,,,,,
2008.1021S,SUB,Closed - Approved,,0636,034,0636034,2008.1021,,2008-08-07 00:00:00,2008-09-12 00:00:00,2435 - 2451 SACRAMENTO ST,,,,0,0,0,,,,,,,,Christine Silva,Christine,Silva,christine.lamorena@sfgov.org,415-575-9085,2 lot subdivisions,,,,,,,,,,,,,,,,,,,,,,,,,,,,,,,,,,,,,,,,,,,,,,,,,,,,,,,,,,,,,,,,,,,,,,,,,,,,,,,,,,,,,,,,,,,,,,,,,,
2008.1150,PRJ,Closed,,1764,031,1764031,,2008.1150C,2008-09-30 00:00:00,,1348 10TH AV,"1348 - 0 10TH AV, SAN FRANCISCO, CA 94122",,,0,0,0,,,,2008-09-30 00:00:00,,,,,,,,,Change of use from school to general office use.,,,,,,,,,,,,,,,,,,,,,,,,,,,,,,,,,,,,,,,,,,,,,,,,,,,,,,,,,,,,11872,,,,,,,,,,11872,,,,,,,,,,,,,,,,,,,,,,,,,,,,
2008.1150C,CUA,Closed - Approved,,1764,031,1764031,2008.1150,,2008-09-30 00:00:00,2009-01-15 00:00:00,1348 10TH AV,"1348 - 0 10TH AV, SAN FRANCISCO, CA 94122",,,0,0,0,,,,,,"La Londe, Kyle",Jeffer Mangels Butler & Marmaro LL,Aaron Starr,Aaron,Starr,aaron.starr@sfgov.org,415-558-6362,Change of use from school to general office use.,,,,,,,,,,,,,,,,,,,,,,,,,,,,,,,,,,,,,,,,,,,,,,,,,,,,,,,,,,,,,,,,,,,,,,,,,,,,,,,,,,,,,,,,,,,,,,,,,,
2008.1186,PRJ,Closed,,1764,031,1764031,,"2008.1186A, 2008.1186E, 2008.1186V",2008-10-14 00:00:00,,1348 10TH AV,"1348 - 0 10TH AV, SAN FRANCISCO, CA 94122",,,0,0,0,,,,2008-10-14 00:00:00,,,,,,,,,Change of use from elementary school to office use.,,,,,,,,,,,,,,,,,,,,,,,,,,,,,,,,,,,,,,,,,,,,,,,,,,,,,,,,,,,,,,,,,,,,,,,,,,,,,,,,,,,,,,,,,,,,,,,,,,
2008.1186A,COA,Closed - Approved,,1764,031,1764031,2008.1186,,2009-02-04 00:00:00,2009-03-04 00:00:00,1348 10TH AV,"1348 - 0 10TH AV, SAN FRANCISCO, CA 94122",,,0,0,0,,,,,,"Phipps, Dan",Dan Phipps Architects,Aaron Starr,Aaron,Starr,aaron.starr@sfgov.org,415-558-6362,Change of use from elementary school to office use.,,,,,,,,,,,,,,,,,,,,,,,,,,,,,,,,,,,,,,,,,,,,,,,,,,,,,,,,,,,,,,,,,,,,,,,,,,,,,,,,,,,,,,,,,,,,,,,,,,
2008.1186E,ENV,Closed - CEQA Clearance Issued,,1764,031,1764031,2008.1186,,2008-10-14 00:00:00,2008-10-22 00:00:00,1348 10TH AV,"1348 - 0 10TH AV, SAN FRANCISCO, CA 94122",,,0,0,0,,,,,,"La Londe, Kyle",Jeffer Mangels Butler & Marmaro LL,Brett Bollinger,Brett,Bollinger,brett.bollinger@sfgov.org,415-575-9024,Change of use from elementary school to office use.,,,,,,,,,,,,,,,,,,,,,,,,,,,,,,,,,,,,,,,,,,,,,,,,,,,,,,Categorical Exemption-Stamp,,,,,,,,,,,,,,,,,,,,,,,,,,,,,,,,,,,,,,,,,,,,
2008.1186V,VAR,Closed - Approved,,1764,031,1764031,2008.1186,,2009-02-04 00:00:00,2009-04-08 00:00:00,1348 10TH AV,"1348 - 0 10TH AV, SAN FRANCISCO, CA 94122",,,0,0,0,,,,,,"Phipps, Dan",Dan Phipps Architects,Aaron Starr,Aaron,Starr,aaron.starr@sfgov.org,415-558-6362,Change of use from elementary school to office use.,,,,,,,,,,,,,,,,,,,,,,,,,,,,,,,,,,,,,,,,,,,,,,,,,,,,,,,,,,,,,,,,,,,,,,,,,,,,,,,,,,,,,,,,,,,,,,,,,,
2010.0766,PRJ,Closed,,0636,037,0636037,,"2010.0766E, 2010.0766Z",2010-08-31 00:00:00,,2451 Sacramento Street,,,,0,0,0,,,,2010-08-31 00:00:00,,,,,,,,,Rezone parcel from RM-1 to Upper Fillmore Street NC District.,,,,,,,,,,,,,,,,,,,,,,,,,,,,,,,,,,,,,,,,,,,,,,,,,,,,,,,,16,,,,,,,,,,16,,,,,,,,,,,,,,,,,,,,,,,,,,,,,,,,
2010.0766E,ENV,Closed - CEQA Clearance Issued,,0636,037,0636037,2010.0766,,2010-08-31 00:00:00,2010-10-07 00:00:00,2451 Sacramento Street,,,,0,0,0,,,,,,"Smith, Barbara T.",San Francisco Housing Authority,Jeanie Poling,Jeanie,Poling,jeanie.poling@sfgov.org,415-575-9072,Rezone parcel from RM-1 to Upper Fillmore Street NC District.,,,,,,,,,,,,,,,,,,,,,,,,,,,,,,,,,,,,,,,,,,,,,,,,,,,,,,,,,,,,,,,,,,,,,,,,,,,,,,,,,,,,,,,,,,,,,,,,,,
2010.0766Z,MAP,Closed,,0636,037,0636037,2010.0766,,2010-10-12 00:00:00,2011-11-02 00:00:00,2451 Sacramento Street,,,,0,0,0,,,,,,"Eng, Francis",S. F. Housing Authority,Glenn Cabreros,Glenn,Cabreros,glenn.cabreros@sfgov.org,415-558-6169,Rezone parcel from RM-1 to Upper Fillmore Street NC District.,,,,,,,,,,,,,,,,,,,,,,,,,,,,,,,,,,,,,,,,,,,,,,,,,,,,,,,,,,,,,,,,,,,,,,,,,,,,,,,,,,,,,,,,,,,,,,,,,,
2012.1313,PRJ,Closed,,3767,305,3767305,,2012.1313E,2012-10-15 00:00:00,,429 BEALE ST,"429 - 0 BEALE ST, SAN FRANCISCO, CA 94105",,,0,0,0,,,,2012-10-15 00:00:00,,,,,,,,,"Add 4,000 sft of residential space to the roof of an existing building",,,,,,,,,,,,,,,,,,,,,,,,,,,,,,,,,,,,,,,,,,,,,,,,,,,,,,,0,,,,,,7500,,,,4000,,,,,,7500,,,,,,,,,,,,,,,,,,,,,,,,,,,
2012.1313E,ENV,Closed - Cancelled,,3767,305,3767305,2012.1313,,2012-10-15 00:00:00,2013-04-09 00:00:00,429 BEALE ST,"429 - 0 BEALE ST, SAN FRANCISCO, CA 94105",,,0,0,0,,,,,,"Zupsic, Christopher",Portland-Pacific Main LLC,Michael Li,Michael,Li,Michael.J.Li@sfgov.org,415-575-9107,"Add 4,000 sft of residential space to the roof of an existing building",,,,,,,,,,,,,,,,,,,,,,,,,,,,,,,,,,,,,,,,,,,,,,,,,,,,,,Categorical Exemption-Stamp,,,,,,,,,,,,,,,,,,,,,,,,,,,,,,,,,,,,,,,,,,,,
2014-002033APL,APL,Closed - Withdrawn,COMPLETE,3767,305,3767305,2014-002033ENV,,2018-07-02 00:00:00,2019-01-07 00:00:00,429 Beale Street and 430 Main Street,429 BEALE ST 94105,6,,0,0,0,,,,,,,,Michael Li,Michael,Li,Michael.J.Li@sfgov.org,415-575-9107,"Demolition of two existing self-storage structures.  New construction of a residential building containing 140 dwelling units, 70 auto parking spaces, and 110 bicycle parking spaces.",,,,,,,,,,,,,,,,,,,,,,,,,,,,,,,,,,,,,,,,,,,,,,,,,,,,,,,,,,,,,,,,,,,,,,,,,,,,,,,,,,,,,,,,,,,,,,,,,,
2014-002033DNX,DNX,Closed - Approved,COMPLETE,3767,305,3767305,2014-002033PRJ,,2015-11-10 00:00:00,2018-06-12 00:00:00,429 Beale Street and 430 Main Street,429 BEALE ST 94105,6,,0,0,0,,,,,,"Loper, Mark","Reuben, Junius and Rose, LLP",Doug Vu,Doug,Vu,doug.vu@sfgov.org,415-575-9120,"Downtown Residential (309.1) application for the demolition of two existing self-storage structures.  New construction of a residential building containing 144 dwelling units, 101 auto parking spaces, and 119 bicycle parking spaces.",,,,,,,,,,,,,,,,,,,,,,,,,,,,,,,,,,,,,,,,,,,,,,,,,,,,,,,,,,,,,,,,,,,,,,,,,,,,,,,,,,,,,,,,,,,,,,,,,,
2014-002033ENV,ENV,Closed - CEQA Clearance Issued,COMPLETE,3767,305,3767305,2014-002033PRJ,2014-002033APL,2014-11-04 00:00:00,2019-01-07 00:00:00,429 Beale Street and 430 Main Street,429 BEALE ST 94105,6,,0,0,0,,,,,,"Junius, Andrew","Reuben, Junius & Rose, LLP",Michael Li,Michael,Li,Michael.J.Li@sfgov.org,415-575-9107,"Demolition of two existing self-storage structures.  New construction of a residential building containing 140 dwelling units, 70 auto parking spaces, and 110 bicycle parking spaces.",,,,,,,,,,Yes,,,,,,,,,,,,,,,,,,,,,,,,,,,,,,,,,,,,,,,,,,,,Community Plan-Exemption/Exclusion,,,,,,,,,,,,,,,,,,,,,,,,,,,,,,,,,,,,,,,,,,,,
2014-002033PPA,PPA,Letter Issued,COMPLETE,3767,305,3767305,2014-002033PRJ,,2014-11-24 00:00:00,2015-03-25 00:00:00,429 Beale Street and 430 Main Street,429 BEALE ST 94105,6,,0,0,0,,,,,,"Junius, Andrew","Reuben, Junius & Rose, LLP",Debra Dwyer,Debra,Dwyer,debra.dwyer@sfgov.org,415-575-9031,"Preliminary Project Assessment for the demolition of two existing self-storage structures.  New construction of a residential building containing 140 dwelling units, 70 auto parking spaces, and 110 bicycle parking spaces.",,,,,,CHECKED,,CHECKED,,CHECKED,,,,,,,,,,,,,,,,,,,,,,,,,,,,,,,,,,,,,,,,,,,,,0,,,0,,,,,,,131210,,,14800,,,,,,,,,,,,,,,,,,,,,,,,,,,,,,
2014-002033PRJ,PRJ,Closed,COMPLETE,3767,305,3767305,,"2014-002033DNX, 2014-002033ENV, 2014-002033PPA, 2014-002033TDM",2014-11-24 00:00:00,2018-05-24 00:00:00,429 Beale Street and 430 Main Street,429 BEALE ST 94105,6,,144,125,19,2014-11-10 00:00:00,2018-06-12 00:00:00,2014-11-24 00:00:00,2015-08-14 00:00:00,,"Junius, Andrew","Reuben, Junius & Rose, LLP",Richard Sucre,Richard,Sucre,richard.sucre@sfgov.org,415-575-9108,"The proposed project includes demolition of two existing commercial structures with a combined area of 35,625 sq. ft., the merger of two parcels and construction of a new  84-ft. tall, nine-story and approximately 140,280 sq. ft. residential building with up to 144 dwelling units (consisting of 60 studio, 25 one-bedroom, and 59 two-bedroom units), a combined 10,800 sq. ft. of private open space throughout the building and common open space at a rooftop deck and solarium, and a 17,720 sq. ft. basement garage for 72 accessory auto parking spaces that are accessed through one driveway on Beale Street, and 111 Class 1 bicycle parking spaces. The residential lobby is located on Main Street and the development would also include streetscape improvements in front of the building including new street trees, landscaping, bicycle racks and sidewalk repaving.",,,,,,,,CHECKED,,,,,,,,,,,,,,,,,,,CHECKED,,,Yes,,,,CHECKED,,,,,,,,,,,,,,,,,,,,,0,0,,0,,2300,,,,,140970,72,,18230,,0,,,,,0,0,0,,,,,,,,,,60,25,59,,,,,,,,,
2014-002033TDM,TDM,Closed - Withdrawn,COMPLETE,3767,305,3767305,2014-002033PRJ,,2018-01-11 00:00:00,2019-03-05 00:00:00,429 Beale Street and 430 Main Street,429 BEALE ST 94105,6,,0,0,0,,,,,,"LCL GLOBAL 429 BEALE & 430 MAIN STREET L,",,Doug Vu,Doug,Vu,doug.vu@sfgov.org,415-575-9120,"Demolition of two existing self-storage structures.  New construction of a residential building containing 140 dwelling units, 70 auto parking spaces, and 110 bicycle parking spaces.",,,,,,,,,,,,,,,,,,,,,,,,,,,,,,,,,,,,,,,,,,,,,,,,,,,,,,,,,,,,,,,,,,,,,,,,,,,,,,,,,,,,,,,,,,,,,,,,,,
2015-001373MIS,MIS,Closed - Approved,COMPLETE,3507,041,3507041,,,2015-02-06 00:00:00,2015-02-19 00:00:00,8 - 10th Street,8 10TH ST 94103,6,,0,0,0,,,,,,"Speron, Roman",,Anne Brask,Anne,Brask,anne.brask@sfgov.org,415-575-9078,"CH Parking, LLC",,,,,,,,,,,,,,,,,,,,,,,,,,,,,,,,,,,,,,,,,,,,,,,,,,,,,,,,,,,,,,,,,,,,,,,,,,,,,,,,,,,,,,,,,,,,,,,,,,
2015-004681PRL,PRL,Closed,COMPLETE,3507,041,3507041,,,2015-04-14 00:00:00,2015-04-14 00:00:00,8 10TH ST,8 10TH ST 94103,6,,0,0,0,,,,,,",",Arrow Sign Co.,,,,,,1 projecting sign on Market Street meeting the provisions of PC section 608.8. Maximum of 1 projecting sign permitted on Market Street side.,,,,,,,,,,,,,,,,,,,,,CHECKED,,,,,,,,,,,,,,,,,,,,,,,,,,,,,,,,,,,,,,,,,,,,,,,,,,,,,,,,,,,,,,,,,,,,,,,,,,,,,
2015-006663MIS,MIS,Closed - Approved,COMPLETE,3507,041,3507041,,,2015-05-28 00:00:00,2015-06-15 00:00:00,1 10th Street,8 10TH ST 94103,6,,0,0,0,,,,,,"Jackovics, Zsolt",,Anne Brask,Anne,Brask,anne.brask@sfgov.org,415-575-9078,Health Club (dba Fitness SF Mid Market) is permitted pursuant Planning Code Section 210.2.,,,,,,,,,,,,,,,,,,,,,,,,,,,,,,,,,,,,,,,,,,,,,,,,,,,,,,,,,,,,,,,,,,,,,,,,,,,,,,,,,,,,,,,,,,,,,,,,,,
2015-010665PRJ,PRJ,Closed,COMPLETE,0636,038,0636038,,2015-010665VAR,2015-08-19 00:00:00,2015-12-23 00:00:00,2451 SACRAMENTO ST,2451 SACRAMENTO ST 94115,2,201509025917,98,0,98,,2015-12-09 00:00:00,,2015-08-19 00:00:00,,"Miller, Jocelyn",Paulett Taggart Architects,Kate Conner,Kate,Conner,kate.conner@sfgov.org,415-575-6914,"The proposal includes a one-story rear horizontal addition at the ground floor of an existing 98-unit 100% affordable housing project, which encroaches into the required rear yard. The proposed 17'-0"" deep addition encroaches into the required rear yard. This project is part of the Cityï¿½s RAD (Rental Assistance Demonstration) Program.",,,,,,,CHECKED,,,,,,,,,,,,,,,,,,CHECKED,,,,,,,,,,,,,,,,,,,,,,,,,,,,,,63203,4,,1974,,179,,,,,36203,3,,1974,,179,,,,,76,21,1,,,,,,,,,,76,21,1,,,,,,,,,
2015-010665VAR,VAR,Closed - Approved,COMPLETE,0636,038,0636038,2015-010665PRJ,,2015-08-19 00:00:00,2015-12-09 00:00:00,2451 SACRAMENTO ST,2451 SACRAMENTO ST 94115,2,,0,0,0,,,,,,"Miller, Jocelyn",Paulett Taggart Architects,Kate Conner,Kate,Conner,kate.conner@sfgov.org,415-575-6914,To allow a variance from rear yard and open space requirements for the community room addition in the rear yard.,,,,,,,,,,,,,,,,,,,,,,,,,,,,,,,,,,,,,,,,,,,,,,,,,,,,,,,,,,,,,,,,,,,,,,,,,,,,,,,,,,,,,,,,,,,,,,,,,,
2015-011205ENV,ENV,Closed - CEQA Clearance Issued,COMPLETE,3733,161,3733161,2015-011205PRJ,,2015-08-31 00:00:00,2015-11-23 00:00:00,320 & 330 Clementina Street,320 CLEMENTINA ST 94103,6,,0,0,0,,,,,,"Duncan, Chris",Gelfand Patners Architects,Debra Dwyer,Debra,Dwyer,debra.dwyer@sfgov.org,415-575-9031,"The proposed project includes alterations to the two existing 13-story apartment towers. Alterations include new structural strengthening, including new spread footing and drilled pier foundations.  

New construction includes provision of new maintenance shed (416 sf) and new trash compactor enclosure (374 sf) along with associated concrete paving and shallow footings.",,,,,,,,,,No,,,,,,,,,,,,,,,,,,,,,,,,,,,,,,,,,,,,,,,,,,,,Categorical Exemption-Stamp,,,,,,,,,,,,,,,,,,,,,,,,,,,,,,,,,,,,,,,,,,,,
2015-011205PRJ,PRJ,Closed,COMPLETE,3733,161,3733161,,2015-011205ENV,2015-08-31 00:00:00,2015-11-24 00:00:00,320 & 330 Clementina Street,320 CLEMENTINA ST 94103,6,201510301361,276,0,276,2015-08-31 00:00:00,,,2015-09-02 00:00:00,,"Duncan, Chris",Gelfand Patners Architects,Kate Conner,Kate,Conner,kate.conner@sfgov.org,415-575-6914,"The proposed project includes alterations to the two existing 13-story apartment towers. Alterations include new structural strengthening, including new spread footing and drilled pier foundations.  

New construction includes provision of new maintenance shed (416 sf) and new trash compactor enclosure (374 sf) along with associated concrete paving and shallow footings.",,,,,,,CHECKED,,,,,,,CHECKED,,,,,,,CHECKED,,,,CHECKED,,,,,,,,,,,,,,,,,,,,,,,,,,,,,,168506,,,,,,,,,,168506,,,,,,,,,,,,,,,,,,,,,,,,,,,,,,,,,
2015-013410GEN,GEN,Closed - Informational,COMPLETE,3767,305,3767305,,,2015-10-06 00:00:00,2018-06-26 00:00:00,429 Beale Street,429 BEALE ST 94105,6,,0,0,0,,,,,,"Ince, Dane",,Christine Silva,Christine,Silva,christine.lamorena@sfgov.org,415-575-9085,"2014-002033env,2014-002033prj,2014-002033ppa - request to view files",,,,,,,,,,,,,,,,,,,,,,,,,,,,,,,,,,,,,,,,,,,,,,,,,,,,,,,,,,,,,,,,,,,,,,,,,,,,,,,,,,,,,,,,,,,,,,,,,,
2015-014058CND,CND,Closed - Approved,COMPLETE,0546,001,0546001,2015-014058PRJ,,2018-11-08 00:00:00,2019-01-03 00:00:00,2465 VAN NESS AVE,2465 VAN NESS AVE 94123,2,,0,0,0,,,,,,"Drake, Jay F.","Reuben, Junius & Rose, LLP",Katherine Wilborn,Katherine,Wilborn,katherine.wilborn@sfgov.org,415-575-9114,E-Condo for 41 Residential and 2 Commercial Mixed Use Units New Condominium.,,,,,,,,,,,,,,,,,,,,,,,,,,,,,,,,,,,,,,,,,,,,,,,,,,,,,,,,,,,,,,,,,,,,,,,,,,,,,,,,,,,,,,,,,,,,,,,,,,
2015-014058CUA,CUA,Closed - Approved,COMPLETE,0546,001,0546001,2015-014058PRJ,,2016-10-05 00:00:00,2018-04-10 00:00:00,2465 VAN NESS AVE,2465 VAN NESS AVE 94123,2,,0,0,0,,,,,,"MacDonald, Mark",DM Development,Mary Cheung-Woods,Mary,Cheung-Woods,mary.woods@sfgov.org,415-558-6315,"Conditional Use Authorization to permit the demolition and new construction of a 7-story, 41 unit multi-family residential structure over retail with parking garage and bicycle parking.",,,,,,,,,,,,,,,,,,,,,,,,,,,,,,,,,,,,,,,,,,,,,,,,,,,,,,,,,,,,,,,,,,,,,,,,,,,,,,,,,,,,,,,,,,,,,,,,,,
2015-014058ENV,ENV,Closed - CEQA Clearance Issued,COMPLETE,0546,001,0546001,2015-014058PRJ,2015-014058EEC,2016-01-04 00:00:00,2017-11-07 00:00:00,2465 VAN NESS AVE,2465 VAN NESS AVE 94123,2,,0,0,0,,,,,,"Braver, Jaqui","DM Development Partners, LLC",Jennifer McKellar,Jennifer,McKellar,Jennifer.McKellar@sfgov.org,415-575-8754,"Demolish gas station and construct a new seven-story building containing 41 residences, approximately 3,000 sf of ground-floor retail, and 31 below-grade vehicle parking spaces.",,,,,,,,,,No,,,,,,,,,,,,,,,,,,,,,,,,,,,,,,,,,,,,,,,,,,,,,,,,,,,,,,,,,,,,,,,,,,,,,,,,,,,,,,,,,,,,,,,,
2015-014058PPA,PPA,Closed - Informational,COMPLETE,0546,001,0546001,2015-014058PRJ,,2015-10-20 00:00:00,2016-02-22 00:00:00,2465 VAN NESS AVE,2465 VAN NESS AVE 94123,2,,0,0,0,,,,,,"Braver, Jaqui","DM Development Partners, LLC",Mary Cheung-Woods,Mary,Cheung-Woods,mary.woods@sfgov.org,415-558-6315,"Construction of a new 7 story 41 unit multi-family residential structure over retail and parking garage for both vehicles and bikes.



The PPA was submitted on 10/09/15 and the 90 day deadline is 01/07/16.",,,,,,CHECKED,,CHECKED,,No,,,,,,,,,,,,,,,,,,,,,,,,,,,,,,,,,,,,,,,,,,,,,0,,,0,0,,,,,,60335,,,7719,2991,,,,,,,,,,,,,,,,,,,,,,,,,,,,,
2015-014058PRJ,PRJ,Closed,COMPLETE,0546,001,0546001,,"2015-014058CND, 2015-014058CUA, 2015-014058ENV, 2015-014058PPA, 2015-014058TDM, 2015-014058VAR",2016-01-04 00:00:00,2019-11-21 00:00:00,2465 VAN NESS AVE,2465 VAN NESS AVE 94123,2,201612285989,41,41,0,2016-06-24 00:00:00,2018-04-10 00:00:00,2015-10-20 00:00:00,2016-06-24 00:00:00,2018-06-13 00:00:00,"MacDonald, Mark",DM Development,Mary Cheung-Woods,Mary,Cheung-Woods,mary.woods@sfgov.org,415-558-6315,"Construction of a new 7 story 41 unit multi-family residential structure over retail and parking garage for both vehicles and bikes.



The PPA was submitted on 10/09/15 and the 90 day deadline is 01/07/16.",,,,,,,,CHECKED,,,,,,,,,,,,,,,,,,,CHECKED,,,,,,,,,,,,,,,,,,CHECKED,CHECKED,,,,,,,,,0,0,0,0,0,,,,,,71844,31,3,15102,2914,,,,,,,0,0,0,,,,,,,,,,10,24,7,,,,,,,,
2015-014058TDM,TDM,Approved,COMPLETE,0546,001,0546001,2015-014058PRJ,,2017-09-27 00:00:00,,2465 VAN NESS AVE,2465 VAN NESS AVE 94123,2,,0,0,0,,,,,,"Braver, Jaqui","DM Development Partners, LLC",Audrey Harris,Audrey,Harris,audrey.harris@sfgov.org,415-575-9136,"Demolition of an existing fuel canopy and retail structure at the site of a decommissioned gas station. New construction of a 7-story mixed-use building containing 41 dwelling units, approximately 2,800 square feet of commercial/retail space, 31 off-street vehicle parking spaces, three (3) car-share parking spaces, 41 Class 1 bicycle parking spaces and four (4) Class 2 bicycle parking spaces.",,,,,,,,,,,,,,,,,,,,,,,,,,,,,,,,,,,,,,,,,,,,,,,,,,,,,,,,,,,,,,,,,,,,,,,,,,,,,,,,,,,,,,,,,,,,,,,,,,
2015-014058VAR,VAR,Under Review,COMPLETE,0546,001,0546001,2015-014058PRJ,,2017-11-02 00:00:00,,2465 VAN NESS AVE,2465 VAN NESS AVE 94123,2,,0,0,0,,,,,,"MacDonald, Mark","DM Development Partners, LLC",Mary Cheung-Woods,Mary,Cheung-Woods,mary.woods@sfgov.org,415-558-6315,"Variances from the rear yard and dwelling unit exposure requirement to permit the construction of a  7-story, 41 unit multi-family residential structure over retail and parking garage.",,,,,,,,,,,,,,,,,,,,,,,,,,,,,,,,,,,,,,,,,,,,,,,,,,,,,,,,,,,,,,,,,,,,,,,,,,,,,,,,,,,,,,,,,,,,,,,,,,
2015-015758GEN,GEN,Closed - Informational,COMPLETE,3767,305,3767305,,,2015-11-25 00:00:00,2015-12-01 00:00:00,429 Beale / 430 Main,429 BEALE ST 94105,6,,0,0,0,,,,,,"Ince, Dane",,Josephine Chen,Josephine,Chen,josephine.chen@sfgov.org,415-575-9199,Record Request,,,,,,,,,,,,,,,,,,,,,,,,,,,,,,,,,,,,,,,,,,,,,,,,,,,,,,,,,,,,,,,,,,,,,,,,,,,,,,,,,,,,,,,,,,,,,,,,,,
2015-018331MIS,MIS,Closed - Approved,COMPLETE,,,,,,2015-12-28 00:00:00,2016-01-20 00:00:00,"8 10th Street - CH Parking, LLC",8 10TH ST 94103,,,0,0,0,,,,,,"Speron, Roman","CH Parking, LLC",Carly Grob,Carly,Grob,carly.grob@sfgov.org,415-575-9138,Police Referral - Commercial Parking Garage Renewal,,,,,,,,,,,,,,,,,,,,,,,,,,,,,,,,,,,,,,,,,,,,,,,,,,,,,,,,,,,,,,,,,,,,,,,,,,,,,,,,,,,,,,,,,,,,,,,,,,
2015-018514GEN,GEN,Closed - Informational,COMPLETE,3767,305,3767305,,,2015-10-06 00:00:00,2015-10-07 00:00:00,429 Beale / 430 Main,429 BEALE ST 94105,6,,0,0,0,,,,,,"Ince, Dane",,Josephine Chen,Josephine,Chen,josephine.chen@sfgov.org,415-575-9199,Record Request,,,,,,,,,,,,,,,,,,,,,,,,,,,,,,,,,,,,,,,,,,,,,,,,,,,,,,,,,,,,,,,,,,,,,,,,,,,,,,,,,,,,,,,,,,,,,,,,,,
2016-001514CUA,CUA,Closed - Informational,COMPLETE,3554,005,3554005,2016-001514PRJ,,2016-09-07 00:00:00,2018-06-19 00:00:00,1950 MISSION ST,1950 MISSION ST 94103,9,,0,0,0,,,,,,"Gaylord, Ali",BRIDGE Housing,Kimberly Durandet,Kimberly,Durandet,kimberly.durandet@sfgov.org,415-575-6816,"Approved Priority Processing for 100% Affordable Housing project: Construct 2 buildings (a 5 story and 9 story) with 157 units of affordable housing including studio, Junior 1 bedroom, 1 bedroom, 2  bedroom and 3  bedroom apartments.  In addition to housing, the development will include amenity space, artist's alleys, a childcare center, and community based non-profit space.",,,,,,,,,,,,,,,,,,,,,,,,,,,,,,,,,,,,,,,,,,,,,,,,,,,,,,,,,,,,,,,,,,,,,,,,,,,,,,,,,,,,,,,,,,,,,,,,,,
2016-001514ENV,ENV,Closed - CEQA Clearance Issued,COMPLETE,3554,005,3554005,2016-001514PRJ,"2016-001514ETM, 2016-001514ETR",2016-02-24 00:00:00,2018-01-24 00:00:00,1950 MISSION ST,1950 MISSION ST 94103,9,,0,0,0,,,,,,"Gaylord, Ali",BRIDGE Housing,Christopher Thomas,Christopher,Thomas,Christopher.Thomas@sfgov.org,415-575-9036,"Demolish 11 modular wood framed buildings at 1950 Mission Street

Construct 2 buildings (a 5 story and 9 story) with 157 units of affordable housing including studio, Junior 1 bedroom, 1 bedroom, 2  bedroom and 3  bedroom apartments.  In addition to housing, the development will include amenity space, artist's alleys, a childcare center, and community based non-profit space.  

See attached ""Project Concept Description"" for more detail



The PPA was submitted on 1/27/16 and the 90 day deadline is 4/26/16.",,,,,,,,,,No,,,,,,,,,,,,,,,,,,,,,,,,,,,,,,,,,,,,,,,,,,,,,,,,,,,,,,,,,,,,,,,,,,,,,,,,,,,,,,,,,,,,,,,,
2016-001514ETM,Environmental T and M-ETM,Closed - CEQA Clearance Issued,COMPLETE,3554,005,3554005,2016-001514ENV,,2016-02-25 00:00:00,2018-01-28 01:01:00,1950 MISSION ST,1950 MISSION ST 94103,9,,0,0,0,,,,,,"Gaylord, Ali",BRIDGE Housing,Virnaliza Byrd,Virnaliza,Byrd,virnaliza.byrd@sfgov.org,415-575-9025,"Demolish 11 modular wood framed buildings at 1950 Mission Street

Construct 2 buildings (a 5 story and 9 story) with 157 units of affordable housing including studio, Junior 1 bedroom, 1 bedroom, 2  bedroom and 3  bedroom apartments.  In addition to housing, the development will include amenity space, artist's alleys, a childcare center, and community based non-profit space.  

See attached ""Project Concept Description"" for more detail



The PPA was submitted on 1/27/16 and the 90 day deadline is 4/26/16.",,,,,,,,,,No,,,,,,,,,,,,,,,,,,,,,,,,,,,,,,,,,,,,,,,,,,,,,,,,,,,,,,,,,,,,,,,,,,,,,,,,,,,,,,,,,,,,,,,,
2016-001514ETR,Transportation Study-ETR,Closed - CEQA Clearance Issued,COMPLETE,3554,005,3554005,2016-001514ENV,,2016-06-23 00:00:00,2018-01-28 01:01:04,1950 MISSION ST,1950 MISSION ST 94103,9,,0,0,0,,,,,,"Gaylord, Ali",BRIDGE Housing,Virnaliza Byrd,Virnaliza,Byrd,virnaliza.byrd@sfgov.org,415-575-9025,"Demolish 11 modular wood framed buildings at 1950 Mission Street

Construct 2 buildings (a 5 story and 9 story) with 157 units of affordable housing including studio, Junior 1 bedroom, 1 bedroom, 2  bedroom and 3  bedroom apartments.  In addition to housing, the development will include amenity space, artist's alleys, a childcare center, and community based non-profit space.  

See attached ""Project Concept Description"" for more detail



The PPA was submitted on 1/27/16 and the 90 day deadline is 4/26/16.",,,,,,,,,,No,,,,,,,,,,,,,,,,,,,,,,,,,,,,,,,,,,,,,,,,,,,,,,,,,,,,,,,,,,,,,,,,,,,,,,,,,,,,,,,,,,,,,,,,
2016-001514GPR,GPR,Closed - Approved,COMPLETE,3554,005,3554005,2016-001514PPA,,2017-01-24 00:00:00,2018-06-27 00:00:00,1950 MISSION ST,1950 MISSION ST 94103,9,,0,0,0,,,,,,"Updike, John",San Francisco Real Estate Division,Paul Chasan,Paul,Chasan,paul.chasan@sfgov.org,415-575-9065,The project will be the development of 157 units of 100% affordable housing to low income families. The option to ground lease to the developer (BRIDGE) will allow for the development team to apply for outside funding sources since the document will provide site control to the non-profit developer.,,,,,,,,,,,,,,,,,,,,,,,,,,,,,,,,,,,,,,,,,,,,,,,,,,,,,,,,,,,,,,,,,,,,,,,,,,,,,,,,,,,,,,,,,,,,,,,,,,
2016-001514MCM,MCM,Monitoring Compliance,COMPLETE,3554,005,3554005,2016-001514PRJ,,2018-06-07 00:00:00,,1950 MISSION ST,1950 MISSION ST 94103,9,,0,0,0,,,,,,"Gaylord, Ali",BRIDGE Housing,Elizabeth Purl,Elizabeth,Purl,elizabeth.purl@sfgov.org,415-575-9028,"Approved Priority Processing for 100% Affordable Housing project: Construct 2 buildings (a 5 story and 9 story) with 157 units of affordable housing including studio, Junior 1 bedroom, 1 bedroom, 2  bedroom and 3  bedroom apartments.  In addition to housing, the development will include amenity space, artist's alleys, a childcare center, and community based non-profit space.",,,,,,,,,,,,,,,,,,,,,,,,,,,,,,,,,,,,,,,,,,,,,,,,,,,,,,,,,,,,,,,,,,,,,,,,,,,,,,,,,,,,,,,,,,,,,,,,,,
2016-001514PPA,PPA,Closed - Informational,COMPLETE,3554,005,3554005,2016-001514PRJ,2016-001514GPR,2016-01-27 00:00:00,2016-05-03 00:00:00,1950 MISSION ST,1950 MISSION ST 94103,9,,0,0,0,,,,,,"Gaylord, Ali",BRIDGE Housing,Kimberly Durandet,Kimberly,Durandet,kimberly.durandet@sfgov.org,415-575-6816,"Demolish 11 modular wood framed buildings at 1950 Mission Street

Construct 2 buildings (a 5 story and 9 story) with 157 units of affordable housing including studio, Junior 1 bedroom, 1 bedroom, 2  bedroom and 3  bedroom apartments.  In addition to housing, the development will include amenity space, artist's alleys, a childcare center, and community based non-profit space.  

See attached ""Project Concept Description"" for more detail



The PPA was submitted on 1/27/16 and the 90 day deadline is 4/26/16.",,,,,,CHECKED,,CHECKED,,CHECKED,,,,,,,,,,,,,,,,,,,,,,,,,,,,,,,,,,,,,,,,,,,,,0,,,,0,0,,,,12000,140394,,,,3415,13236,,,,1654,,,,,,,,,,,,,,,,,,,,,,,,
2016-001514PRJ,PRJ,Closed,COMPLETE,3554,005,3554005,,"2016-001514CUA, 2016-001514ENV, 2016-001514MCM, 2016-001514PPA",2016-02-24 00:00:00,2018-09-14 00:00:00,1950 MISSION ST,1950 MISSION ST 94103,9,"201609218371, 201805240004, 201805240005, 201805240006, 201805240007, 201805240008, 201805240009, 201805240010, 201805240011, 201805240012, 201805240013, 201805240014, 201805249998",157,0,157,2016-02-26 00:00:00,,2016-01-27 00:00:00,2016-02-26 00:00:00,,"Gaylord, Ali",BRIDGE Housing,Kimberly Durandet,Kimberly,Durandet,kimberly.durandet@sfgov.org,415-575-6816,"Approved Priority Processing for 100% Affordable Housing project: Construct 2 buildings (a 5 story and 9 story) with 157 units of affordable housing including studio, Junior 1 bedroom, 1 bedroom, 2  bedroom and 3  bedroom apartments.  In addition to housing, the development will include amenity space, artist's alleys, a childcare center, and community based non-profit space.",,,,,,CHECKED,,CHECKED,,CHECKED,,,,,,,,,,,,,,,CHECKED,,,,,,,,,,,,,,,,,,,,,,,,,,,,,,0,,,,0,0,,,,,143320,,,,11357,2368,,,,,0,0,0,0,,,,,,,,,32,36,73,16,,,,,,,,
2016-002196GEN,GEN,Closed - Informational,COMPLETE,3767,305,3767305,,,2016-01-12 00:00:00,2016-02-10 00:00:00,429 Beale / 430 Main - 2007.1121,429 BEALE ST 94105,6,,0,0,0,,,,,,"Li, Michael",,Josephine Chen,Josephine,Chen,josephine.chen@sfgov.org,415-575-9199,Record Request,,,,,,,,,,,,,,,,,,,,,,,,,,,,,,,,,,,,,,,,,,,,,,,,,,,,,,,,,,,,,,,,,,,,,,,,,,,,,,,,,,,,,,,,,,,,,,,,,,
2016-002313GEN,GEN,Closed - Informational,COMPLETE,3767,305,3767305,,,2016-02-08 00:00:00,2016-02-12 00:00:00,429 Beale / 430 Main - 2014-002033ENV/DNX,429 BEALE ST 94105,6,,0,0,0,,,,,,"Ince, Dane",,Josephine Chen,Josephine,Chen,josephine.chen@sfgov.org,415-575-9199,Record Request,,,,,,,,,,,,,,,,,,,,,,,,,,,,,,,,,,,,,,,,,,,,,,,,,,,,,,,,,,,,,,,,,,,,,,,,,,,,,,,,,,,,,,,,,,,,,,,,,,
2016-008581PRJ,PRJ,Closed,COMPLETE,1934,029,1934029,,,2016-06-30 00:00:00,2017-03-27 00:00:00,1658 10TH AVE,1658 10TH AVE 94122,7,201606109695,3,3,0,,,,,,"REVOC, HERBERT M W & JUNE F O WONG REVOC",,Cathleen Campbell,Cathleen,Campbell,cathleen.campbell@sfgov.org,415-575-8732,LEGALIZE (E) ILLEGAL UNIT IN (E) 2 UNIT BUILDING. LEGALIZE (E) KITCHEN UNDER ORD #43-14.,,,,,,CHECKED,,,,,,,,CHECKED,,,,,,,CHECKED,,,,,,,,CHECKED,,,,,,,,,,,,,,,,,,,,,,,,,,4503,4,,,,,,,,,4503,0,,,,,,,,,,,,,,,,,,,,,,,,,,,,,,,,
2016-010699ENF,ENF,Closed - Abated,COMPLETE,1764,038,1764038,,,2016-08-18 00:00:00,2016-09-28 00:00:00,1316/1318 10th Avenue Illegal Short-Term Rentals by Owners,1316 10TH AVE 94122,5,,0,0,0,,,,,,,,Adrian Putra,Adrian,Putra,adrian.putra@sfgov.org,415-575-9079,"Illegal short-term rentals on Airbnb by Owners. Certificate issued, then revoked by OSTR staff (September 2018).",,,,,,,,,,,,,,,,,,,,,,,,,,,,,,,,,,,,,,,,,,,,,,,,,,,,,,,,,,,,,,,,,,,,,,,,,,,,,,,,,,,,,,,,,,,,,,,,,,
2016-011207ZAV,ZAV,Closed - Issued,COMPLETE,0636,038,0636038,,,2016-08-30 00:00:00,2016-09-01 00:00:00,2451 Sacramento Street - ZAV Request,2451 SACRAMENTO ST 94115,2,,0,0,0,,,,,,"Perdomo, Evelyn",Mercy Housing California,Eugenio Salcedo,Eugenio,Salcedo,Eugenio.Salcedo@sfgov.org,415-575-9139,Request for Zoning Verification Letter,,,,,,,,,,,,,,,,,,,,,,,,,,,,,,,,,,,,,,,,,,,,,,,,,,,,,,,,,,,,,,,,,,,,,,,,,,,,,,,,,,,,,,,,,,,,,,,,,,
2016-012485ENF,ENF,Closed - No Violation,COMPLETE,3507,041,3507041,,,2016-09-27 00:00:00,2017-04-13 00:00:00,8 10th Street Unit 3506,8 10TH ST 94103,6,,0,0,0,,,,,,,,Adrian Putra,Adrian,Putra,adrian.putra@sfgov.org,415-575-9079,illegal short-term rentals on Airbnb or VRBO,,,,,,,,,,,,,,,,,,,,,,,,,,,,,,,,,,,,,,,,,,,,,,,,,,,,,,,,,,,,,,,,,,,,,,,,,,,,,,,,,,,,,,,,,,,,,,,,,,
2016-015522ENF,ENF,Closed - No Violation,COMPLETE,3507,041,3507041,,,2016-12-05 00:00:00,2016-12-06 00:00:00,8 - 10th street #3506,8 10TH ST 94103,6,,0,0,0,,,,,,,,Dario Jones,Dario,Jones,dario.jones@sfgov.org,415-558-6477,running an illegal business with 5 to 6 employees in the daytime,,,,,,,,,,,,,,,,,,,,,,,,,,,,,,,,,,,,,,,,,,,,,,,,,,,,,,,,,,,,,,,,,,,,,,,,,,,,,,,,,,,,,,,,,,,,,,,,,,
2016-015839PRV,PRV,Closed - Informational,COMPLETE,0636,037,0636037,,,2016-12-12 00:00:00,2017-01-11 00:00:00,2451 Sacramento Street,2451 Sacramento ST 94115,2,,0,0,0,,,,,,"Paris, Dan",,Christopher May,Christopher,May,christopher.may@sfgov.org,415-575-9087,"Sacramento Street (0636/037); Project Review meeting to discuss a new, 4-story, 7-unit residential building with basement parking.",,,,,,,,,,,,,,,,,,,,,,,,,,,,,,,,,,,,,,,,,,,,,,,,,,,,,,,,,,,,,,,,,,,,,,,,,,,,,,,,,,,,,,,,,,,,,,,,,,
2017-000155MIS,MIS,Closed - Approved,COMPLETE,3507,041,3507041,,,2017-01-04 00:00:00,2017-01-09 00:00:00,8 10TH ST,8 10TH ST 94103,6,,0,0,0,,,,,,"Speron, Roman","CH Parking, LLC",Andrew Perry,Andrew,Perry,andrew.perry@sfgov.org,415-575-9017,Police - Commercial Parking Garage Renewal: Recommend Approval - Public Parking Garage permitted in the C-3-G District as a conditional use per P.C. Sec. 210.2 and CPC Motion No. 17415. Continuation of existing use.,,,,,,,,,,,,,,,,,,,,,,,,,,,,,,,,,,,,,,,,,,,,,,,,,,,,,,,,,,,,,,,,,,,,,,,,,,,,,,,,,,,,,,,,,,,,,,,,,,
2017-001417GPR,GPR,Closed - Withdrawn,COMPLETE,3554,005,3554005,,,2017-02-02 00:00:00,2017-02-09 00:00:00,1950 Mission Street,1950 MISSION ST 94103,9,,0,0,0,,,,,,"Updike, John",SF Real Estate,Ilaria Salvadori,Ilaria,Salvadori,ilaria.salvadori@sfgov.org,415-575-9086,The project will be the development of 157 units of 100% affordable housing to low income families. The option to ground lease to the developer (BRIDGE) will allow for the development team to apply for outside funding sources since the document will provide site control to the non-profit developer.,,,,,,,,,,,,,,,,,,,,,,,,,,,,,,,,,,,,,,,,,,,,,,,,,,,,,,,,,,,,,,,,,,,,,,,,,,,,,,,,,,,,,,,,,,,,,,,,,,
2017-004109MIS,MIS,Closed - Disapproved,COMPLETE,1652,014,1652014,,,2017-04-04 00:00:00,2017-05-15 00:00:00,798 10th Avenue - Crown Castle ROW WTS Facility,798 10TH AVE 94118,1,,0,0,0,,,,,,"Castle, Crown",,Stephanie Skangos,Stephanie,Skangos,Stephanie.Skangos@sfgov.org,415-575-8731,Crown Castle ROW WTS Facility: Installation and operation of wireless equipment and antennas for Crown Castle on Existing PG&E Wood Utility Pole.,,,,,,,,,,,,,,,,,,,,,,,,,,,,,,,,,,,,,,,,,,,,,,,,,,,,,,,,,,,,,,,,,,,,,,,,,,,,,,,,,,,,,,,,,,,,,,,,,,
2017-006823PRJ,PRJ,Closed,COMPLETE,6921,001,6921001,,,2017-06-01 00:00:00,2017-10-05 00:00:00,101 URBANO DR,101 URBANO DR 94127,7,201705237369,2,2,0,,,,,,"Chan, Ken",,Sylvia Jimenez,Sylvia,Jimenez,sylvia.jimenez@sfgov.org,415-575-9187,"COMPLY W/ COMPLAINT #201776386, UNIT LEGALIZATION ORD 43-14, LEGALIZATION OF DWELLING UNIT INSTALL WITHOUT PERMIT,. LEGALIZE EISTING KITCHE, BEDRMS & TWO BATHRM. ALL WORK AT GROUND FLOOR.",,,,,,,,,,,,CHECKED,,,,,,,,,,,,,,,,,CHECKED,,,,,,,,,,,,,,,,,,,,,,,,,,,,,,,,,,,,,,,,,,,,,,,,,,,,,,,,,,,,,,,,,,,,,
2017-006969PRL,PRL,Closed,COMPLETE,1652,033,1652033,,,2017-06-05 00:00:00,2017-06-05 00:00:00,708 10TH AVE,708 10TH AVE 94118,1,201706058373,0,0,0,,,,,,", JOAN P SPAARGAREN 1998 TRUST",,Eiliesh Tuffy,Eiliesh,Tuffy,eiliesh.tuffy@sfgov.org,415-575-9191,"Interior work only; Legalize lower level family room, bedroom, bathroom; New connecting stair to upper floor; Meets Rooms Down development requirement for Planning",,,,,,,,,,,,,,,,,,,,,CHECKED,,,,,,,,,,,,,,,,,,,,,,,,,,,,,,,,,,,,,,,,,,,,,,,,,,,,,,,,,,,,,,,,,,,,,,,,,,,,,
2017-007883PRJ,PRJ,Closed,COMPLETE,1652,026,1652026,,,2017-06-22 00:00:00,2018-09-12 00:00:00,738 10TH AVE,738 A 10TH AVE 94118,1,201705318009,2,2,0,,,,,,"SCANCARELLI LAWRENCE, SCANCARELLI LAWRENCE",,Sylvia Jimenez,Sylvia,Jimenez,sylvia.jimenez@sfgov.org,415-575-9187,"HORIZONTAL ADDITION ON THE GROUND FLOOR UNIT & 2ND FLOOR. UPPER UNIT, A FAMILY ROOM, A BEDROOM WITH A FULL BATH & A DECK.",,,,,,,CHECKED,CHECKED,,,,,,,,,,,,,,,,,,,,,,,,,,,,,,,,,,,,,,,,,,,,,,,,,,,,,,,,,,,,,,,,,,,,,,,,,,,,,,,,,,,,,,,,,,
2017-009677PRL,PRL,Closed,COMPLETE,2040,024,2040024,,,2017-07-31 00:00:00,2017-07-31 00:00:00,1728 10TH AVE,1728 10TH AVE 94122,7,201707313307,0,0,0,,,,,,",",Renewal by Anderson,Laura Ajello,Laura,Ajello,laura.ajello@sfgov.org,415-575-9142,"Replacing 2 windows (existing transom over sliding to transom over fixed) like for like with (paintable) street visible, replacing aluminum with wood clad (paintable) (vfactor <32, Bedrooms comply with egress).",,,,,,,,,,,,,,,,,,,,,,,,,,,,,,,,,,,,,,,,,,,,,,,,,,,,,,,,,,,,,,,,,,,,,,,,,,,,,,,,,,,,,,,,,,,,,,,,,,
2017-011288EEC,CATEX-EEC,Closed - CEQA Clearance Issued,COMPLETE,,,,2017-011288ENV,,2017-09-01 00:00:00,2017-10-22 01:00:08,"SE Quadrant - Mobilitie, LLC Small Cell Deployment Citywide",,,,0,0,0,,,,,,"Singleton, James","Mobilitie, LLC",Virnaliza Byrd,Virnaliza,Byrd,virnaliza.byrd@sfgov.org,415-575-9025,"SE Quadrant - Installation is to fulfill capacity objectives caused by the rapid increased usage of wireless data and technology in the City

Adjacent to: 314 11th St; 105 Berry St; 345 6th St; 429 Beale St; 1695 Palou Ave; 1600 Newcomb Ave; 360 4th St; 164 Townsend St; 1401 Palou Ave; 3200 24th St; 2558 24th St; 1106 Wisconsin St; 1720 26th St; 1021 Minnesota St; 3566 19th St; 2013 Folsom St; 2535 18th St; 1750 Harrison St; 335 South Van Ness Ave; 70 Otis St; 1717 Harrison St; 275 9th St;",,,,,,,,,,,,,,,,,,,,,,,,,,,,,,,,,,,,,,,,,,,,,,,,,,,,,,,,,,,,,,,,,,,,,,,,,,,,,,,,,,,,,,,,,,,,,,,,,,
2017-011288ENV,ENV,Closed - CEQA Clearance Issued,COMPLETE,,,,2017-011288PRJ,2017-011288EEC,2017-09-01 00:00:00,2017-10-16 00:00:00,"SE Quadrant - Mobilitie, LLC Small Cell Deployment Citywide",,,,0,0,0,,,,,,"Singleton, James","Mobilitie, LLC",Stephanie Skangos,Stephanie,Skangos,Stephanie.Skangos@sfgov.org,415-575-8731,"SE Quadrant - Installation is to fulfill capacity objectives caused by the rapid increased usage of wireless data and technology in the City

Adjacent to: 314 11th St; 105 Berry St; 345 6th St; 429 Beale St; 1695 Palou Ave; 1600 Newcomb Ave; 360 4th St; 164 Townsend St; 1401 Palou Ave; 3200 24th St; 2558 24th St; 1106 Wisconsin St; 1720 26th St; 1021 Minnesota St; 3566 19th St; 2013 Folsom St; 2535 18th St; 1750 Harrison St; 335 South Van Ness Ave; 70 Otis St; 1717 Harrison St; 275 9th St;",,,,,,,,,,No,,,,,,,,,,,,,,,,,,,,,,,,,,,,,,,,,,,,,,,,,,,,Categorical Exemption-Determination of Historic Resource,,,,,,,,,,,,,,,,,,,,,,,,,,,,,,,,,,,,,,,,,,,,
2017-011288PRJ,PRJ,Open,COMPLETE,,,,,2017-011288ENV,2017-09-01 00:00:00,,"SE Quadrant - Mobilitie, LLC Small Cell Deployment Citywide",,,,0,0,0,2017-08-29 00:00:00,,,2017-09-01 00:00:00,,"Singleton, James","Mobilitie, LLC",Virnaliza Byrd,Virnaliza,Byrd,virnaliza.byrd@sfgov.org,415-575-9025,"SE Quadrant - Installation is to fulfill capacity objectives caused by the rapid increased usage of wireless data and technology in the City

Adjacent to: 314 11th St; 105 Berry St; 345 6th St; 429 Beale St; 1695 Palou Ave; 1600 Newcomb Ave; 360 4th St; 164 Townsend St; 1401 Palou Ave; 3200 24th St; 2558 24th St; 1106 Wisconsin St; 1720 26th St; 1021 Minnesota St; 3566 19th St; 2013 Folsom St; 2535 18th St; 1750 Harrison St; 335 South Van Ness Ave; 70 Otis St; 1717 Harrison St; 275 9th St;",,,,,,,,,,,,,,CHECKED,,,,,,,CHECKED,,,,,,,,,,,,,,,,,,,,,,,,,,,,,,,,,,,,,,,,,,,,,,,,,,,,,,,,,,,,,,,,,,,,,,,,,,,,,
2017-011346MIS,MIS,Closed - Approved,COMPLETE,1652,014,1652014,,,2017-09-05 00:00:00,2017-09-25 00:00:00,798 - 10th Avenue - Verizon ROW WTS Facility,798 10TH AVE 94118,1,,0,0,0,,,,,,"James, Sharon",Crown Castle,Ashley Lindsay,Ashley,Lindsay,ashley.lindsay@sfgov.org,415-575-9178,Verizon ROW WTS Facility: Installation and operation of wireless equipment and antennas for Verizon on Existing JPA Wood Pole,,,,,,,,,,,,,,,,,,,,,,,,,,,,,,,,,,,,,,,,,,,,,,,,,,,,,,,,,,,,,,,,,,,,,,,,,,,,,,,,,,,,,,,,,,,,,,,,,,
2017-015112PRL,PRL,Closed,COMPLETE,1535,025,1535025,,,2017-11-28 00:00:00,2017-11-28 00:00:00,478 10TH AVE,478 10TH AVE 94118,1,201711284964,0,0,0,,,,,,", GREENBERG DONALD EDWARD",,Kurt Botn,Kurt,Botn,kurt.botn@sfgov.org,415-575-9192,Replace street facing windows with double hung wood windows with true divided light patterns. No other work.,,,,,,,,,,,,,,,,,,,,,,,,,,,,,,,,,,,,,,,,,,,,,,,,,,,,,,,,,,,,,,,,,,,,,,,,,,,,,,,,,,,,,,,,,,,,,,,,,,
2017-016045PRJ,PRJ,Under Review,COMPLETE,6501,061,6501061,,,2017-12-15 00:00:00,,24 FOUNTAIN ST,24 FOUNTAIN ST 94114,8,"201712085886, 201712085890",2,2,0,,,,,,"Pashelingky, William",,Linda Ajello Hoagland,Linda,Ajello Hoagland,Linda.AjelloHoagland@sfgov.org,415-575-6823,"TO ERECT 4 STORIES, 1 BASEMENT, TYPE V-A, 2 UNITS RESIDENTIAL BUILDING.",,,,,,,,CHECKED,,CHECKED,,,,,,,,,,,,,,,,,,,,,,,,,,,,,,,,,,,,,,,,,,,,,,,,,,,,,,,,,,,,,,,,,,,,,,,,,,,,,,,,,,,,,,,,
2017-016047PRJ,PRJ,Under Review,COMPLETE,6501,061,6501061,,,2017-12-15 00:00:00,,20 FOUNTAIN ST,20 FOUNTAIN ST 94114,8,201712085886,2,2,0,,,,,,"Pashelinsky, William",,Linda Ajello Hoagland,Linda,Ajello Hoagland,Linda.AjelloHoagland@sfgov.org,415-575-6823,"TO ERECT 4 STORIES, 1 BASEMENT, TYPE V-A, 2 UNITS RESIDENTIAL BUILDING.",,,10/30/2018,02/16/2018,,,,CHECKED,,,,,,,,,,,,,,,,,,,,,,,,,,,,,,,,,,,,,,,,,,,,,,,,,,,,,,,,,,,,,,,,,,,,,,,,,,,,,,,,,,,,,,,,,,
2017-016475ENF,ENF,Closed - Informational,COMPLETE,0636,038,0636038,,,2017-12-18 00:00:00,2018-05-14 00:00:00,2451 Sacramento St,2451 SACRAMENTO ST 94115,2,,0,0,0,,,,,,,,Josephine Chen,Josephine,Chen,josephine.chen@sfgov.org,415-575-9199,"JFK Memorial Building - Apt 601. Asked to move out of apt to another apt and to move back. Didn't do stuff they should do. Dust still on the ceiling and still dealing with Lead paint; Paratransit cannot pick up because don't have parking spot. Didn't have the courtesy to respect occupant. Dust come in from window during construction. At end of my rope. Want to know the number of the report on the number.  / Illegal work occurring on property on roof, walls, and electrical. The illegal work is creating unsafe living environment for senior with cancer. DBI Complaint 201727904",,,,,,,,,,,,,,,,,,,,,,,,,,,,,,,,,,,,,,,,,,,,,,,,,,,,,,,,,,,,,,,,,,,,,,,,,,,,,,,,,,,,,,,,,,,,,,,,,,
2018-000851ENF,ENF,Closed - Abated,COMPLETE,3507,041,3507041,,,2018-01-11 00:00:00,2018-03-16 00:00:00,8 10th Street Illegal Short-Term Rentals by Lessees in MultipleDwelling Units,8 10TH ST 94103,6,,0,0,0,,,,,,,,Omar Masry,Omar,Masry,omar.masry@sfgov.org,415-575-9116,"8 10th Street Illegal Short-Term Rentals. Ongoing Illegal Short-Term Rentals by Lesses resulting in quality of life complaints from long-term residents. Listings appear to include persons involved in illegal short-term rentals at multiple properties including Paul Hamadeh & Heigo Paartalu (lLooky homes operation) : https://www.airbnb.com/rooms/18522159; https://www.airbnb.com/rooms/18859942; https://www.airbnb.com/rooms/19590104; https://www.airbnb.com/rooms/20857978; https://www.airbnb.com/rooms/21553816; https://www.airbnb.com/rooms/6186737; https://www.airbnb.com/rooms/6559856; https://www.airbnb.com/rooms/7439398; https://www.airbnb.com/rooms/17027820



As of January 2018 one lessee Syed Arif Ali re-activated a listing with an invalid registration number). Host eventually provided proof of no pending reservations after repeat request by OSTR and Property Managment. https://www.airbnb.com/rooms/21553816. It appears remaining listings were removed by hosts and/or Airbnb per a Federal settlement agreement (with future reservations cancelled).  Violation abated (resolved).",,,,,,,,,,,,,,,,,,,,,,,,,,,,,,,,,,,,,,,,,,,,,,,,,,,,,,,,,,,,,,,,,,,,,,,,,,,,,,,,,,,,,,,,,,,,,,,,,,
2018-000948CUA,CUA,Closed - Approved,COMPLETE,3507,041,3507041,2018-000948PRJ,,2018-01-16 00:00:00,2018-09-21 00:00:00,8 10TH ST,8 10TH ST 94103,6,,0,0,0,,,,,,"Dickerhoff, Terri",CGR Development,Seema Adina,Seema,Adina,seema.adina@sfgov.org,415-575-8722,Conditional Use Authorization application to establish a formula retail establishment d.b.a. Orangetheory Fitness.,,,,,,,,,,,,,,,,,,,,,,,,,,,,,,,,,,,,,,,,,,,,,,,,,,,,,,,,,,,,,,,,,,,,,,,,,,,,,,,,,,,,,,,,,,,,,,,,,,
2018-000948PRJ,PRJ,Closed,COMPLETE,3507,041,3507041,,2018-000948CUA,2018-01-16 00:00:00,2018-11-19 00:00:00,8 10TH ST,8 10TH ST 94103,6,201811085446,754,754,0,,2018-09-21 00:00:00,,2018-01-16 00:00:00,,"Dickerhoff, Terri",CGR Development,Seema Adina,Seema,Adina,seema.adina@sfgov.org,415-575-8722,Conditional Use Authorization application to establish a formula retail establishment d.b.a. Orangetheory Fitness.,,,,,,,,,,,,,,,CHECKED,,,,,,,,,,,,,,,,,,,,,,,,,,,,,,,,,,,,,,,,763547,531,,93279,10836,,,,,,763547,531,,93279,10836,,,,,,,,,,,,,,,,,,,,,,,,,,,,,
2018-001074PRV,PRV,Closed - Informational,COMPLETE,3767,305,3767305,,,2018-01-18 00:00:00,2018-02-02 00:00:00,429 Beale Street and 430 Main Street,429 BEALE ST 94105,6,,0,0,0,,,,,,"Klimerman, Matt",,Doug Vu,Doug,Vu,doug.vu@sfgov.org,415-575-9120,"429 Beale Street and 430 Main Street (3767/305, 306); Interdepartmental Project Review meeting to discuss demolition of an existing 3-story structure and construction of a 84', 9-story residential building containing 144 units and below-grade parking including 77 spaces.",,,,,,,,,,,,,,,,,,,,,,,,,,,,,,,,,,,,,,,,,,,,,,,,,,,,,,,,,,,,,,,,,,,,,,,,,,,,,,,,,,,,,,,,,,,,,,,,,,
2018-003850MIS,MIS,Closed - Approved,COMPLETE,3507,041,3507041,,,2018-03-19 00:00:00,2018-04-03 00:00:00,"8 - 10th Street - CH Parking, LLC",8 10TH ST 94103,6,,0,0,0,,,,,,"Simpson, Sadie",,Seema Adina,Seema,Adina,seema.adina@sfgov.org,415-575-8722,Police - Commercial Parking Garage Renewal,,,,,,,,,,,,,,,,,,,,,,,,,,,,,,,,,,,,,,,,,,,,,,,,,,,,,,,,,,,,,,,,,,,,,,,,,,,,,,,,,,,,,,,,,,,,,,,,,,
2018-004760GEN,GEN,Closed - Informational,COMPLETE,3767,305,3767305,,,2018-04-02 00:00:00,2018-04-13 00:00:00,429 Beale,430 MAIN ST 94105,6,,0,0,0,,,,,,"Williams, Steve",,Christine Silva,Christine,Silva,christine.lamorena@sfgov.org,415-575-9085,Immediate Disclosure Request w/extension - 429 Beale,,,,,,,,,,,,,,,,,,,,,,,,,,,,,,,,,,,,,,,,,,,,,,,,,,,,,,,,,,,,,,,,,,,,,,,,,,,,,,,,,,,,,,,,,,,,,,,,,,
2018-007177GEN,GEN,Closed - Informational,COMPLETE,3767,306,3767306,,,2018-05-14 00:00:00,2018-05-23 00:00:00,430 Main St,430 MAIN ST 94105,6,,0,0,0,,,,,,"Lefore, Audrey",,Chanbory Son,Chanbory,Son,Chanbory.Son@sfgov.org,415-575-6926,Public Record Request - 430 Main St,,,,,,,,,,,,,,,,,,,,,,,,,,,,,,,,,,,,,,,,,,,,,,,,,,,,,,,,,,,,,,,,,,,,,,,,,,,,,,,,,,,,,,,,,,,,,,,,,,
2018-007274PRL,PRL,Closed,COMPLETE,3507,041,3507041,,,2018-05-17 00:00:00,2018-05-17 00:00:00,8 10TH ST,8 10TH ST 94103,6,201805048308,0,0,0,,,,,,", TENTH & MARKET LLC",,Heidi Kline,Heidi,Kline,heidi.kline@sfgov.org,415-575-9043,Metal brackets for future retail tenants (10th St and Market St),,,,,,,,,,,,,,,,,,,,,,,,,,,,,,,,,,,,,,,,,,,,,,,,,,,,,,,,,,,,,,,,,,,,,,,,,,,,,,,,,,,,,,,,,,,,,,,,,,
2018-007523GEN,GEN,Closed - Informational,COMPLETE,3767,306,3767306,,,2018-05-23 00:00:00,2018-06-04 00:00:00,430 Main St,430 MAIN ST 94105,6,,0,0,0,,,,,,"Whitaker, Jamie",,Chanbory Son,Chanbory,Son,Chanbory.Son@sfgov.org,415-575-6926,Public Record Request - 430 Main St,,,,,,,,,,,,,,,,,,,,,,,,,,,,,,,,,,,,,,,,,,,,,,,,,,,,,,,,,,,,,,,,,,,,,,,,,,,,,,,,,,,,,,,,,,,,,,,,,,
2018-007897GEN,GEN,Closed - Informational,COMPLETE,3767,305,3767305,,,2018-05-29 00:00:00,2018-06-07 00:00:00,430 Main St,429 BEALE ST 94105,6,,0,0,0,,,,,,"Hestor, Sue",,Chanbory Son,Chanbory,Son,Chanbory.Son@sfgov.org,415-575-6926,Public Record Request - 430 Main St,,,,,,,,,,,,,,,,,,,,,,,,,,,,,,,,,,,,,,,,,,,,,,,,,,,,,,,,,,,,,,,,,,,,,,,,,,,,,,,,,,,,,,,,,,,,,,,,,,
2018-008884PRL,PRL,Closed,COMPLETE,1424,033,1424033,,,2018-06-25 00:00:00,2018-06-25 00:00:00,218 10th ave,218 10TH AVE 94118,1,"201806222695, 201905312150",0,0,0,,,,,,",",Jeff King and Co.,Justin Greving,Justin,Greving,justin.greving@sfgov.org,415-575-9169,"Interior alterations. RELOCATION OF EXTG FLIGHT OF STAIRS FROM THE E 1ST FLOOR TO THE E 2ND FL & REMODEL OF THE E LIVING AREAS. WNDW SASH REPAIR ON EXT WINDOWS, N WINDOW & DOORS AT THE FAMILY 1 SUN ROOM. (N) wood window at top of stair.",,,,,,,,,,,,,,,,,,,,,,,,,,,,,,,,,,,,,,,,,,,,,,,,,,,,,,,,,,,,,,,,,,,,,,,,,,,,,,,,,,,,,,,,,,,,,,,,,,
2018-013088PRJ,PRJ,Closed,COMPLETE,1424,033,1424033,,,2018-09-25 00:00:00,2019-01-03 00:00:00,218 10TH AVE,218 10TH AVE 94118,1,201808308757,1,1,0,,,,,,"Yap, Raenear",Andrew Mann Architecture,Katherine Wilborn,Katherine,Wilborn,katherine.wilborn@sfgov.org,415-575-9114,"REV TO PA# 201806222695; REVISION CONSISTS OF A NEW GARAGE at the front facade of the 1ST Floor; a NEW DRIVEWAY AND CURB CUT; and A NEW SIDE YARD DOOR (6'0"" Maximum height and 75% transparent design). NO OTHER CHANGES APPROVED ON THIS PRJ revision",,,,,,,CHECKED,,,,,CHECKED,,CHECKED,,,,,,,CHECKED,,,,,,,,,,,,,,,,,,,,,,,,,,,,,,,,,,2080,0,,0,,,,,,,2793,2,,361,,,,,,,,,,3,,,,,,,,,,,,3,,,,,,,,
2018-015375ENF,ENF,Closed - Abated,COMPLETE,1535,025,1535025,,,2018-11-08 00:00:00,2018-12-17 00:00:00,478 10th Avenue Neighborhood Concern over Short-Term Rentals,478 10TH AVE 94118,1,,0,0,0,,,,,,,,Omar Masry,Omar,Masry,omar.masry@sfgov.org,415-575-9116,478 10th Avenue Neighborhood Concern over Short-Term Rentals by Donald Greenberg after an owner move-in eviction. Concern host is not in unit at least 275 nights per year. Host instructed to cease short-term rentals by OSTR staff.  https://www.airbnb.com/users/show/141391572 https://www.airbnb.com/rooms/19949380  Appears owners have ceased short-term rentals. This violation abated (resolved).,,,,,,,,,,,,,,,,,,,,,,,,,,,,,,,,,,,,,,,,,,,,,,,,,,,,,,,,,,,,,,,,,,,,,,,,,,,,,,,,,,,,,,,,,,,,,,,,,,
2018-016968EEC,CATEX-EEC,Closed - CEQA Clearance Issued,COMPLETE,,,,2018-016968ENV,,2018-12-17 00:00:00,2019-03-07 21:54:04,Mobilitie - Sprint - 8 Site Locations,,,,0,0,0,,,,,,"Martinez, Luis","Mobilitie, LLC",Rhia Bordon,Rhia,Bordon,rhia.bordon@sfgov.org,415-575-8751,Mobilitie - Sprint - 8 Site Locations: Adjacent to 150 8th St. (3728005); Adjacent to 1224 Polk St. (669011); Adjacent to 2300 16th St. (3930A002); Adjacent to 400 Howard St. (3720008); Adjacent to 180 12th St. (3514004); Adjacent to 937 North Point St. (0453013A); Adjacent to 425 Irving St. (1760070); Adjacent to 8 10th St. (3507041),,,,,,,,,,,,,,,,,,,,,,,,,,,,,,,,,,,,,,,,,,,,,,,,,,,,,,,,,,,,,,,,,,,,,,,,,,,,,,,,,,,,,,,,,,,,,,,,,,
2018-016968ENV,ENV,Closed - CEQA Clearance Issued,COMPLETE,,,,2018-016968PRJ,2018-016968EEC,2018-12-17 00:00:00,2019-02-04 00:00:00,Mobilitie - Sprint - 8 Site Locations,,,,0,0,0,,,,,,"Martinez, Luis","Mobilitie, LLC",Dori Ganetsos,Dori,Ganetsos,dori.ganetsos@sfgov.org,415-575-9172,Mobilitie for Sprint - 8 SFPUC replacement steel pole Site Locations: 150 8th St. (3728005); 1224 Polk St. (669011); 2300 16th St. (3930A002); 400 Howard St. (3720008); 180 12th St. (3514004); 937 North Point St. (0453013A); 425 Irving St. (1760070); 8 10th St. (3507043),,,,,,,,,,No,,,,,,,,,,,,,,,,,,,,,,,,,,,,,,,,,,,,,,,,,,,,Categorical Exemption-Determination of Historic Resource,,,,,,,,,,,,,,,,,,,,,,,,,,,,,,,,,,,,,,,,,,,,
2018-016968PRJ,PRJ,Open,COMPLETE,,,,,2018-016968ENV,2018-12-17 00:00:00,,Mobilitie - Sprint - 8 Site Locations,,,,0,0,0,,,,2018-12-21 00:00:00,,"Martinez, Luis","Mobilitie, LLC",Rhia Bordon,Rhia,Bordon,rhia.bordon@sfgov.org,415-575-8751,Mobilitie for Sprint - 8 SFPUC replacement steel pole Site Locations: 150 8th St. (3728005); 1224 Polk St. (669011); 2300 16th St. (3930A002); 400 Howard St. (3720008); 180 12th St. (3514004); 937 North Point St. (0453013A); 425 Irving St. (1760070); 8 10th St. (3507043),,,,,,,,,,,,,,CHECKED,,,,,,,CHECKED,,,,,,,,,,,,,,,,,,,,,,,,,,,,,,,,,,,,,,,,,,,,,,,,,,,,,,,,,,,,,,,,,,,,,,,,,,,,,
2019-002829MIS,MIS,Closed - Approved,COMPLETE,3507,041,3507041,,,2019-03-07 00:00:00,2019-03-18 00:00:00,"8 10th Street - CH Parking, LLC",8 10TH ST 94103,6,,0,0,0,,,,,,"Nolin, Phyllis",,Nancy Tran,Nancy,Tran,nancy.h.tran@sfgov.org,415-575-9174,"Police Referral - Commercial Parking Garage Renewal: Recommend Approval - Continuation of existing parking garage with 500 stalls (550 capacity) dba CH parking, LLC permitted with conditional use within the C-3-G District per Sec. 210.2 and 178.",,,,,,,,,,,,,,,,,,,,,,,,,,,,,,,,,,,,,,,,,,,,,,,,,,,,,,,,,,,,,,,,,,,,,,,,,,,,,,,,,,,,,,,,,,,,,,,,,,
2019-002868CND,CND,Closed - Approved,COMPLETE,1535,025,1535025,,,2019-03-07 00:00:00,2019-03-26 00:00:00,478-480 10th Avenue,478 10TH AVE 94118,1,,0,0,0,,,,,,"Storrs, Bruce R.",SF DPW - Mapping and Subdivision,Matthew Dito,Matthew,Dito,matthew.dito@sfgov.org,415-575-9164,E-Condo for 2 Units Condo Conversion,,,,,,,,,,,,,,,,,,,,,,,,,,,,,,,,,,,,,,,,,,,,,,,,,,,,,,,,,,,,,,,,,,,,,,,,,,,,,,,,,,,,,,,,,,,,,,,,,,
2019-005712MIS,MIS,Closed - Approved,COMPLETE,3507,041,3507041,,,2019-04-23 00:00:00,2019-06-07 00:00:00,8 10th St - Sprint PROW WTS Facility Installation,8 10TH ST 94103,6,,0,0,0,,,,,,"Martinez, Luis","Mobilitie, LLC",David Weissglass,David,Weissglass,David.Weissglass@sfgov.org,415-575-9177,DPW Referral - 19WR-00110,,,,,,,,,,,,,,,,,,,,,,,,,,,,,,,,,,,,,,,,,,,,,,,,,,,,,,,,,,,,,,,,,,,,,,,,,,,,,,,,,,,,,,,,,,,,,,,,,,
2019-005958PRL,PRL,Closed,COMPLETE,1424,033,1424033,,,2019-04-29 00:00:00,2019-04-29 00:00:00,218 10TH AVE,218 10TH AVE 94118,1,201904036998,0,0,0,,,,,,"mr, mr",,Jeffrey Speirs,Jeffrey,Speirs,jeffrey.speirs@sfgov.org,415-575-9106,"Rear deck only under this permit.. Revision to BPA# 201806222695. Less than10 feet above grade, in buildable area of lot, no fire wall.",,,,,,,,,,,,,,,,,,,,,,,,,,,,,,,,,,,,,,,,,,,,,,,,,,,,,,,,,,,,,,,,,,,,,,,,,,,,,,,,,,,,,,,,,,,,,,,,,,
3890_ENF,ENF,Closed - Abated,,1535,035,1535035,,,2001-05-09 00:00:00,2004-12-16 00:00:00,438 10TH AV,,,,0,0,0,,,,,,,,Scott Sanchez,Scott,Sanchez,scott.sanchez@sfgov.org,415-558-6326,"EXTREME FIRE HAZARD!!  Property owner on 438 & 440 have illegal units built; risk of fire and safety; built an extension out back of building and a patio deck all the way to the 3rd floor and that is a violation of my privacy act and my rights.  We have no sunlight in my garden and I have to keep my window shades closed at all times; 4 kitchen exhausts and an extension deck outside of their kitchen window in their building, that construction is illegal because they can look into my kitchen; no privacy.  See additional complaint attached.",,,,,,,,,,,,,,,,,,,,,,,,,,,,,,,,,,,,,,,,,,,,,,,,,,,,,,,,,,,,,,,,,,,,,,,,,,,,,,,,,,,,,,,,,,,,,,,,,,
4081_ENF,ENF,Closed - Abated,,1652,026,1652026,,,2001-08-14 00:00:00,2001-11-01 00:00:00,738 10TH AV,,,,0,0,0,,,,,,,,,,,,,Tenant is operating a body healing service via physicist & metaphysician methods.  Tenant sees clients through appointments (too many clients).  Property is zoned RH-2; should not be used as commercial use.,,,,,,,,,,,,,,,,,,,,,,,,,,,,,,,,,,,,,,,,,,,,,,,,,,,,,,,,,,,,,,,,,,,,,,,,,,,,,,,,,,,,,,,,,,,,,,,,,,
5523PRV,PRV,Closed - Informational,,3767,305,3767305,,,2006-07-27 11:40:54,2006-08-02 00:00:00,"430 Main St. & 429 Beale St. - Redevelopment of 2 parcel site totaling 18,906 sq. ft. to residential use with 55 new dwelling unit","429 - 0 BEALE ST, SAN FRANCISCO, CA 94105",,,0,0,0,,,,,,"Zupsic, Christopher",Portland-Pacific Main LLC,Ben Fu,Ben,Fu,BEN.FU@SFGOV.ORG,415-558-6613,"430 Main St. & 429 Beale St. - Redevelopment of 2 parcel site totaling 18,906 sq. ft. to residential use with 55 new dwelling units and parking spaces.",,,,,,,,,,,,,,,,,,,,,,,,,,,,,,,,,,,,,,,,,,,,,,,,,,,,,,,,,,,,,,,,,,,,,,,,,,,,,,,,,,,,,,,,,,,,,,,,,,
6559PRV,PRV,Closed - Informational,,3767,305,3767305,,,2007-05-10 10:39:14,2007-05-23 00:00:00,430 Main St. & 429 Beale St. - Demolish existing 2-story industrial building & construct a 9-story residential building with 200 u,"429 - 0 BEALE ST, SAN FRANCISCO, CA 94105",,,0,0,0,,,,,,"Hauser, George",Hauser Architects,Ben Fu,Ben,Fu,BEN.FU@SFGOV.ORG,415-558-6613,430 Main St. & 429 Beale St. - Demolish existing 2-story industrial building & construct a 9-story residential building with 200 units and 100 parking spaces.,,,,,,,,,,,,,,,,,,,,,,,,,,,,,,,,,,,,,,,,,,,,,,,,,,,,,,,,,,,,,,,,,,,,,,,,,,,,,,,,,,,,,,,,,,,,,,,,,,
7052PRV,PRV,Closed - Informational,,3767,305,3767305,,,2007-10-11 17:38:27,2007-10-16 00:00:00,430 Main & 429 Beale St. - Demolish existing structures and construct an 8-story building with 113 units.,"429 - 0 BEALE ST, SAN FRANCISCO, CA 94105",,,0,0,0,,,,,,"Doyle, Jason",MacFarlane Partners,Ben Fu,Ben,Fu,BEN.FU@SFGOV.ORG,415-558-6613,430 Main & 429 Beale St. - Demolish existing structures and construct an 8-story building with 113 units.,,,,,,,,,,,,,,,,,,,,,,,,,,,,,,,,,,,,,,,,,,,,,,,,,,,,,,,,,,,,,,,,,,,,,,,,,,,,,,,,,,,,,,,,,,,,,,,,,,
7682PRV,PRV,Closed - Informational,,3767,306,3767306,,,2008-07-03 12:04:59,2008-07-08 00:00:00,"430 Main St - to discuss in greater detail the design of a 84 foot, 113-unit project","430 - 0 MAIN ST, SAN FRANCISCO, CA 94105",,,0,0,0,,,,,,"Doyle, Jason",MacFarlane Partners,Ben Fu,Ben,Fu,BEN.FU@SFGOV.ORG,415-558-6613,"430 Main St - to discuss in greater detail the design of a 84 foot, 113-unit project",,,,,,,,,,,,,,,,,,,,,,,,,,,,,,,,,,,,,,,,,,,,,,,,,,,,,,,,,,,,,,,,,,,,,,,,,,,,,,,,,,,,,,,,,,,,,,,,,,
7798PRV,PRV,Closed - Informational,,1764,031,1764031,,,2008-08-14 15:00:32,2008-08-20 00:00:00,"1338 & 1348 10th Ave. (1764/031,032) - to discuss change of use from education to genereal publishing.  (Mary Woods)","1348 - 0 10TH AV, SAN FRANCISCO, CA 94122",,,0,0,0,,,,,,"La Londe, Kyle",Jeffer Mangels Butler & Marmaro LL,Mary Cheung-Woods,Mary,Cheung-Woods,mary.woods@sfgov.org,415-558-6315,"1338 & 1348 10th Ave. (1764/031,032) - to discuss change of use from education to genereal publishing.  (Mary Woods)",,,,,,,,,,,,,,,,,,,,,,,,,,,,,,,,,,,,,,,,,,,,,,,,,,,,,,,,,,,,,,,,,,,,,,,,,,,,,,,,,,,,,,,,,,,,,,,,,,
86-076,APL,Closed - Appeal Upheld,,1741,032,1741032,,,1986-03-21 00:00:00,1986-04-30 00:00:00,1258 10TH AV,,,,0,0,0,,,,,,,,,,,,,,,,,,,,,,,,,,,,,,,,,,,,,,,,,,,,,,,,,,,,,,,,,,,,,,,,,,,,,,,,,,,,,,,,,,,,,,,,,,,,,,,,,,,,,,,,,,,,,,,
86-089,APL,Closed - Appeal Upheld,,1741,032,1741032,,,1986-04-07 00:00:00,1986-04-30 00:00:00,1258 10TH AV,,,,0,0,0,,,,,,,,,,,,,,,,,,,,,,,,,,,,,,,,,,,,,,,,,,,,,,,,,,,,,,,,,,,,,,,,,,,,,,,,,,,,,,,,,,,,,,,,,,,,,,,,,,,,,,,,,,,,,,,
88-171,APL,Closed,,1855,050,1855050,,,1988-01-01 00:00:00,2016-05-09 09:25:30,1578 10TH AV,,,,0,0,0,,,,,,,,,,,,,,,,,,,,,,,,,,,,,,,,,,,,,,,,,,,,,,,,,,,,,,,,,,,,,,,,,,,,,,,,,,,,,,,,,,,,,,,,,,,,,,,,,,,,,,,,,,,,,,,
88-172,APL,Closed,,1855,050,1855050,,,1988-01-01 00:00:00,2016-05-09 09:25:30,1578 10TH AV,,,,0,0,0,,,,,,,,,,,,,,,,,,,,,,,,,,,,,,,,,,,,,,,,,,,,,,,,,,,,,,,,,,,,,,,,,,,,,,,,,,,,,,,,,,,,,,,,,,,,,,,,,,,,,,,,,,,,,,,
8922PRV,PRV,Closed - Informational,,0636,037,0636037,,,2010-05-03 09:59:10,2010-06-02 00:00:00,2451 Sacramento St (0636/037); Project Review Meeting for an empty lot to be rezoned.  Applicant requests for an Environmental Pla,,,,0,0,0,,,,,,"Hemminger, Charles",Hemminger Architects,Glenn Cabreros,Glenn,Cabreros,glenn.cabreros@sfgov.org,415-558-6169,2451 Sacramento St (0636/037); Project Review Meeting for an empty lot to be rezoned.  Applicant requests for an Environmental Planner; also requesting for David Lindsay.  Fee was paid in March 2010.,,,,,,,,,,,,,,,,,,,,,,,,,,,,,,,,,,,,,,,,,,,,,,,,,,,,,,,,,,,,,,,,,,,,,,,,,,,,,,,,,,,,,,,,,,,,,,,,,,
8982ZAD,ZAD,Closed - Issued,,3767,305,3767305,,,2010-06-04 14:30:42,2010-07-21 00:00:00,"430 Main & 429 Beale Street (3767, Lots 305 & 306); Letter of Determination",,,,0,0,0,,,,,,"Tunny, Tommy",Reuben & Junius,Ben Fu,Ben,Fu,BEN.FU@SFGOV.ORG,415-558-6613,"430 Main & 429 Beale Street (3767, Lots 305 & 306); Letter of Determination",,,,,,,,,,,,,,,,,,,,,,,,,,,,,,,,,,,,,,,,,,,,,,,,,,,,,,,,,,,,,,,,,,,,,,,,,,,,,,,,,,,,,,,,,,,,,,,,,,
96-046,APL,Closed - Appeal Upheld,,2208,013,2208013,,,1996-04-24 00:00:00,1997-02-26 00:00:00,2168 10TH AV,,,,0,0,0,,,,,,,,,,,,,,,,,,,,,,,,,,,,,,,,,,,,,,,,,,,,,,,,,,,,,,,,,,,,,,,,,,,,,,,,,,,,,,,,,,,,,,,,,,,,,,,,,,,,,,,,,,,,,,,
96-140,APL,Closed - Appeal Denied,,2208,013,2208013,,,1996-10-21 00:00:00,1996-02-26 00:00:00,2168 10TH AV,,,,0,0,0,,,,,,,,,,,,,,,,,,,,,,,,,,,,,,,,,,,,,,,,,,,,,,,,,,,,,,,,,,,,,,,,,,,,,,,,,,,,,,,,,,,,,,,,,,,,,,,,,,,,,,,,,,,,,,,
EE73.195,ENV,Closed - CEQA Clearance Issued,COMPLETE,1741,032,1741032,,,1973-11-08 00:00:00,1973-11-23 00:00:00,1258 10th Ave,"1258 10TH AV, SAN FRANCISCO, CA 94122",,,0,0,0,,,,,,",",,,,,,,6 Unit Apartment Building,,,,,,,,,,,,,,,,,,,,,,,,,,,,,,,,,,,,,,,,,,,,,,,,,,,,,,,,,,,,,,,,,,,,,,,,,,,,,,,,,,,,,,,,,,,,,,,,,,
EE80.114,ENV,Closed - CEQA Clearance Issued,COMPLETE,3554,005,3554005,,,1980-03-10 00:00:00,1980-07-11 00:00:00,1950 Mission St,"1950 MISSION ST, SAN FRANCISCO, CA 94110",,,0,0,0,,,,,,",",,,,,,,"Leasing of School Property

Rezoning from P to C-M & leasing on long term lease of 35,400 sq ft site containing a 1 story 12,152 sq ft building now used for offices",,,,,,,,,,,,,,,,,,,,,,,,,,,,,,,,,,,,,,,,,,,,,,,,,,,,,,,,,,,,,,,,,,,,,,,,,,,,,,,,,,,,,,,,,,,,,,,,,,
ORIG780,GAS,Permitted,,3767,306,3767306,,,2015-12-18 00:00:00,,430 MAIN ST,,6,,0,0,0,,,,,,"Smith, Collin",Fuel Outdoor,Jonathan Purvis,Jonathan,Purvis,jonathan.purvis@sfgov.org,415-558-6354,,,,,,,,,,,,,,,,,,,,,,,,,,,,,,,,,,,,,,,,,,,,,,,,,,,,,,,,,,,,,,,,,,,,,,,,,,,,,,,,,,,,,,,,,,,,,,,,,,,
R66.058,GPR,Closed - Approved,COMPLETE,1764,031,1764031,,,1966-07-12 00:00:00,1966-08-11 00:00:00,1348 10th Ave,"1038 10TH AV, SAN FRANCISCO, CA 94122",,,0,0,0,,,,,,,,,,,,,Sale of property abandoned firehouse,,,,,,,,,,,,,,,,,,,,,,,,,,,,,,,,,,,,,,,,,,,,,,,,,,,,,,,,,,,,,,,,,,,,,,,,,,,,,,,,,,,,,,,,,,,,,,,,,,
R69.010,GPR,Closed - Approved,COMPLETE,1764,031,1764031,,,1969-01-20 00:00:00,1969-02-21 00:00:00,1348 10th Ave,"1348 10TH AV, SAN FRANCISCO, CA 94122",,,0,0,0,,,,,,,,,,,,,"Sale of property, 10th Ave firehouse",,,,,,,,,,,,,,,,,,,,,,,,,,,,,,,,,,,,,,,,,,,,,,,,,,,,,,,,,,,,,,,,,,,,,,,,,,,,,,,,,,,,,,,,,,,,,,,,,,
V09-055,APL,Closed - Appeal Denied,,3767,305,3767305,2007.1121,,2009-06-03 00:00:00,2009-08-05 00:00:00,430 Main St,,,,0,0,0,,,,,,,,Ben Fu,Ben,Fu,BEN.FU@SFGOV.ORG,415-558-6613,,,,,,,,,,,,,,,,,,,,,,,,,,,,,,,,,,,,,,,,,,,,,,,,,,,,,,,,,,,,,,,,,,,,,,,,,,,,,,,,,,,,,,,,,,,,,,,,,,,
